0,0,0,0,0,0,0,0,162.23
1,0,0,0,0,0,0,0,171.22
2,0,0,0,0,0,0,0,164.21
3,0,0,0,0,0,0,0,165.88
0,1,0,0,0,0,0,0,118.41
1,1,0,0,0,0,0,0,86.42
2,1,0,0,0,0,0,0,138.15
3,1,0,0,0,0,0,0,121.31
0,2,0,0,0,0,0,0,118.09
1,2,0,0,0,0,0,0,102.05
2,2,0,0,0,0,0,0,135.71
3,2,0,0,0,0,0,0,95.356
0,0,1,0,0,0,0,0,154.39
1,0,1,0,0,0,0,0,179.27
2,0,1,0,0,0,0,0,161.69
3,0,1,0,0,0,0,0,164.29
0,1,1,0,0,0,0,0,85.975
1,1,1,0,0,0,0,0,76.967
2,1,1,0,0,0,0,0,124.08
3,1,1,0,0,0,0,0,102.34
0,2,1,0,0,0,0,0,150.7
1,2,1,0,0,0,0,0,110.75
2,2,1,0,0,0,0,0,184.52
3,2,1,0,0,0,0,0,148.46
0,0,2,0,0,0,0,0,213.35
1,0,2,0,0,0,0,0,199.02
2,0,2,0,0,0,0,0,199.65
3,0,2,0,0,0,0,0,204.96
0,1,2,0,0,0,0,0,88.116
1,1,2,0,0,0,0,0,72.424
2,1,2,0,0,0,0,0,148.59
3,1,2,0,0,0,0,0,99.594
0,2,2,0,0,0,0,0,128.54
1,2,2,0,0,0,0,0,107.25
2,2,2,0,0,0,0,0,135.9
3,2,2,0,0,0,0,0,96.26
0,0,0,1,0,0,0,0,92.939
1,0,0,1,0,0,0,0,83.1
2,0,0,1,0,0,0,0,97.617
3,0,0,1,0,0,0,0,77.117
0,1,0,1,0,0,0,0,53.244
1,1,0,1,0,0,0,0,47.102
2,1,0,1,0,0,0,0,61.698
3,1,0,1,0,0,0,0,46.384
0,2,0,1,0,0,0,0,78.73
1,2,0,1,0,0,0,0,53.677
2,2,0,1,0,0,0,0,110.91
3,2,0,1,0,0,0,0,47.68
0,0,1,1,0,0,0,0,96.976
1,0,1,1,0,0,0,0,91.928
2,0,1,1,0,0,0,0,111.69
3,0,1,1,0,0,0,0,109
0,1,1,1,0,0,0,0,46.653
1,1,1,1,0,0,0,0,49.238
2,1,1,1,0,0,0,0,66.166
3,1,1,1,0,0,0,0,57.122
0,2,1,1,0,0,0,0,83.267
1,2,1,1,0,0,0,0,48.16
2,2,1,1,0,0,0,0,116.76
3,2,1,1,0,0,0,0,61.653
0,0,2,1,0,0,0,0,111.87
1,0,2,1,0,0,0,0,79.577
2,0,2,1,0,0,0,0,139.75
3,0,2,1,0,0,0,0,115.72
0,1,2,1,0,0,0,0,41.971
1,1,2,1,0,0,0,0,43.478
2,1,2,1,0,0,0,0,77.702
3,1,2,1,0,0,0,0,47.918
0,2,2,1,0,0,0,0,78.504
1,2,2,1,0,0,0,0,57.811
2,2,2,1,0,0,0,0,106.98
3,2,2,1,0,0,0,0,47.892
0,0,0,0,1,0,0,0,217.63
1,0,0,0,1,0,0,0,201.28
2,0,0,0,1,0,0,0,215.96
3,0,0,0,1,0,0,0,212.94
0,1,0,0,1,0,0,0,149.33
1,1,0,0,1,0,0,0,159.58
2,1,0,0,1,0,0,0,153.25
3,1,0,0,1,0,0,0,167.99
0,2,0,0,1,0,0,0,169.96
1,2,0,0,1,0,0,0,150.35
2,2,0,0,1,0,0,0,175.43
3,2,0,0,1,0,0,0,153.3
0,0,1,0,1,0,0,0,227.1
1,0,1,0,1,0,0,0,207.43
2,0,1,0,1,0,0,0,224.03
3,0,1,0,1,0,0,0,218.59
0,1,1,0,1,0,0,0,147.56
1,1,1,0,1,0,0,0,158.3
2,1,1,0,1,0,0,0,148.57
3,1,1,0,1,0,0,0,166.39
0,2,1,0,1,0,0,0,198.56
1,2,1,0,1,0,0,0,158.94
2,2,1,0,1,0,0,0,206.19
3,2,1,0,1,0,0,0,188.85
0,0,2,0,1,0,0,0,230.88
1,0,2,0,1,0,0,0,209.46
2,0,2,0,1,0,0,0,222.72
3,0,2,0,1,0,0,0,220.29
0,1,2,0,1,0,0,0,147.16
1,1,2,0,1,0,0,0,154.95
2,1,2,0,1,0,0,0,155.98
3,1,2,0,1,0,0,0,163.29
0,2,2,0,1,0,0,0,170.43
1,2,2,0,1,0,0,0,151.51
2,2,2,0,1,0,0,0,173.23
3,2,2,0,1,0,0,0,153.27
0,0,0,1,1,0,0,0,177.53
1,0,0,1,1,0,0,0,175.13
2,0,0,1,1,0,0,0,181.48
3,0,0,1,1,0,0,0,164.59
0,1,0,1,1,0,0,0,61.54
1,1,0,1,1,0,0,0,60.973
2,1,0,1,1,0,0,0,77.514
3,1,0,1,1,0,0,0,65.88
0,2,0,1,1,0,0,0,169.87
1,2,0,1,1,0,0,0,159.07
2,2,0,1,1,0,0,0,159.53
3,2,0,1,1,0,0,0,148.13
0,0,1,1,1,0,0,0,175.74
1,0,1,1,1,0,0,0,174.43
2,0,1,1,1,0,0,0,180.02
3,0,1,1,1,0,0,0,160.06
0,1,1,1,1,0,0,0,61.384
1,1,1,1,1,0,0,0,63.621
2,1,1,1,1,0,0,0,70.851
3,1,1,1,1,0,0,0,65.607
0,2,1,1,1,0,0,0,178.18
1,2,1,1,1,0,0,0,169.86
2,2,1,1,1,0,0,0,162.85
3,2,1,1,1,0,0,0,151.51
0,0,2,1,1,0,0,0,178.87
1,0,2,1,1,0,0,0,177.85
2,0,2,1,1,0,0,0,182.55
3,0,2,1,1,0,0,0,167.41
0,1,2,1,1,0,0,0,67.088
1,1,2,1,1,0,0,0,55.307
2,1,2,1,1,0,0,0,83.576
3,1,2,1,1,0,0,0,69.491
0,2,2,1,1,0,0,0,164.17
1,2,2,1,1,0,0,0,156.71
2,2,2,1,1,0,0,0,155.93
3,2,2,1,1,0,0,0,141.85
0,0,0,0,2,0,0,0,189.14
1,0,0,0,2,0,0,0,178.8
2,0,0,0,2,0,0,0,205.41
3,0,0,0,2,0,0,0,190.64
0,1,0,0,2,0,0,0,119.76
1,1,0,0,2,0,0,0,122.97
2,1,0,0,2,0,0,0,138.58
3,1,0,0,2,0,0,0,118.01
0,2,0,0,2,0,0,0,157.61
1,2,0,0,2,0,0,0,130.05
2,2,0,0,2,0,0,0,162.95
3,2,0,0,2,0,0,0,134.85
0,0,1,0,2,0,0,0,193.14
1,0,1,0,2,0,0,0,181.81
2,0,1,0,2,0,0,0,214.13
3,0,1,0,2,0,0,0,195.77
0,1,1,0,2,0,0,0,123.48
1,1,1,0,2,0,0,0,125.12
2,1,1,0,2,0,0,0,130.59
3,1,1,0,2,0,0,0,105.37
0,2,1,0,2,0,0,0,207.72
1,2,1,0,2,0,0,0,142.01
2,2,1,0,2,0,0,0,207.37
3,2,1,0,2,0,0,0,181.82
0,0,2,0,2,0,0,0,212.08
1,0,2,0,2,0,0,0,197.57
2,0,2,0,2,0,0,0,218
3,0,2,0,2,0,0,0,211.97
0,1,2,0,2,0,0,0,109.48
1,1,2,0,2,0,0,0,121.98
2,1,2,0,2,0,0,0,153.92
3,1,2,0,2,0,0,0,120.07
0,2,2,0,2,0,0,0,161.82
1,2,2,0,2,0,0,0,136.22
2,2,2,0,2,0,0,0,165.17
3,2,2,0,2,0,0,0,140.11
0,0,0,1,2,0,0,0,137.92
1,0,0,1,2,0,0,0,150.06
2,0,0,1,2,0,0,0,124.89
3,0,0,1,2,0,0,0,132.44
0,1,0,1,2,0,0,0,63.917
1,1,0,1,2,0,0,0,57.988
2,1,0,1,2,0,0,0,82.733
3,1,0,1,2,0,0,0,57.445
0,2,0,1,2,0,0,0,100.37
1,2,0,1,2,0,0,0,119.6
2,2,0,1,2,0,0,0,136.01
3,2,0,1,2,0,0,0,105.96
0,0,1,1,2,0,0,0,122.82
1,0,1,1,2,0,0,0,152.8
2,0,1,1,2,0,0,0,113.73
3,0,1,1,2,0,0,0,126.26
0,1,1,1,2,0,0,0,58.738
1,1,1,1,2,0,0,0,53.379
2,1,1,1,2,0,0,0,76.937
3,1,1,1,2,0,0,0,68.853
0,2,1,1,2,0,0,0,88.74
1,2,1,1,2,0,0,0,153.15
2,2,1,1,2,0,0,0,131.18
3,2,1,1,2,0,0,0,90.022
0,0,2,1,2,0,0,0,161.4
1,0,2,1,2,0,0,0,155.73
2,0,2,1,2,0,0,0,145.99
3,0,2,1,2,0,0,0,145.13
0,1,2,1,2,0,0,0,57.567
1,1,2,1,2,0,0,0,70.947
2,1,2,1,2,0,0,0,73.526
3,1,2,1,2,0,0,0,64.346
0,2,2,1,2,0,0,0,115.11
1,2,2,1,2,0,0,0,130.22
2,2,2,1,2,0,0,0,150.81
3,2,2,1,2,0,0,0,128.32
0,0,0,0,0,1,0,0,277.59
1,0,0,0,0,1,0,0,276.83
2,0,0,0,0,1,0,0,276.39
3,0,0,0,0,1,0,0,276.34
0,1,0,0,0,1,0,0,131.7
1,1,0,0,0,1,0,0,126.86
2,1,0,0,0,1,0,0,142.47
3,1,0,0,0,1,0,0,151.84
0,2,0,0,0,1,0,0,267.83
1,2,0,0,0,1,0,0,267.2
2,2,0,0,0,1,0,0,273.05
3,2,0,0,0,1,0,0,274.85
0,0,1,0,0,1,0,0,272.67
1,0,1,0,0,1,0,0,268.81
2,0,1,0,0,1,0,0,268.47
3,0,1,0,0,1,0,0,264.7
0,1,1,0,0,1,0,0,117.79
1,1,1,0,0,1,0,0,125.24
2,1,1,0,0,1,0,0,135.17
3,1,1,0,0,1,0,0,149.85
0,2,1,0,0,1,0,0,254.53
1,2,1,0,0,1,0,0,253.27
2,2,1,0,0,1,0,0,265.43
3,2,1,0,0,1,0,0,262.96
0,0,2,0,0,1,0,0,279.57
1,0,2,0,0,1,0,0,282.69
2,0,2,0,0,1,0,0,282.04
3,0,2,0,0,1,0,0,283.73
0,1,2,0,0,1,0,0,119.56
1,1,2,0,0,1,0,0,109.33
2,1,2,0,0,1,0,0,150.87
3,1,2,0,0,1,0,0,137.81
0,2,2,0,0,1,0,0,274.48
1,2,2,0,0,1,0,0,275.28
2,2,2,0,0,1,0,0,280.48
3,2,2,0,0,1,0,0,281.81
0,0,0,1,0,1,0,0,75.824
1,0,0,1,0,1,0,0,77.208
2,0,0,1,0,1,0,0,112.58
3,0,0,1,0,1,0,0,85.225
0,1,0,1,0,1,0,0,66.63
1,1,0,1,0,1,0,0,73.482
2,1,0,1,0,1,0,0,87.926
3,1,0,1,0,1,0,0,71.107
0,2,0,1,0,1,0,0,114.95
1,2,0,1,0,1,0,0,92.926
2,2,0,1,0,1,0,0,122.14
3,2,0,1,0,1,0,0,85.984
0,0,1,1,0,1,0,0,107.69
1,0,1,1,0,1,0,0,112.72
2,0,1,1,0,1,0,0,160.93
3,0,1,1,0,1,0,0,134.7
0,1,1,1,0,1,0,0,80.708
1,1,1,1,0,1,0,0,77.361
2,1,1,1,0,1,0,0,85.368
3,1,1,1,0,1,0,0,73.239
0,2,1,1,0,1,0,0,163.21
1,2,1,1,0,1,0,0,123.38
2,2,1,1,0,1,0,0,147.63
3,2,1,1,0,1,0,0,126.16
0,0,2,1,0,1,0,0,120.23
1,0,2,1,0,1,0,0,117.18
2,0,2,1,0,1,0,0,164.35
3,0,2,1,0,1,0,0,148.92
0,1,2,1,0,1,0,0,42.82
1,1,2,1,0,1,0,0,69.599
2,1,2,1,0,1,0,0,96.277
3,1,2,1,0,1,0,0,71.457
0,2,2,1,0,1,0,0,118.76
1,2,2,1,0,1,0,0,92.991
2,2,2,1,0,1,0,0,133.81
3,2,2,1,0,1,0,0,76.157
0,0,0,0,1,1,0,0,305.41
1,0,0,0,1,1,0,0,318.11
2,0,0,0,1,1,0,0,318.11
3,0,0,0,1,1,0,0,338.15
0,1,0,0,1,1,0,0,171.35
1,1,0,0,1,1,0,0,170.11
2,1,0,0,1,1,0,0,163.59
3,1,0,0,1,1,0,0,171.77
0,2,0,0,1,1,0,0,283.69
1,2,0,0,1,1,0,0,289.59
2,2,0,0,1,1,0,0,293.52
3,2,0,0,1,1,0,0,304.98
0,0,1,0,1,1,0,0,292.01
1,0,1,0,1,1,0,0,306.25
2,0,1,0,1,1,0,0,306.25
3,0,1,0,1,1,0,0,325.19
0,1,1,0,1,1,0,0,169.21
1,1,1,0,1,1,0,0,167.15
2,1,1,0,1,1,0,0,159.2
3,1,1,0,1,1,0,0,168.18
0,2,1,0,1,1,0,0,269.77
1,2,1,0,1,1,0,0,275.24
2,2,1,0,1,1,0,0,285.15
3,2,1,0,1,1,0,0,294.71
0,0,2,0,1,1,0,0,313.27
1,0,2,0,1,1,0,0,327.18
2,0,2,0,1,1,0,0,327.18
3,0,2,0,1,1,0,0,346.29
0,1,2,0,1,1,0,0,171.05
1,1,2,0,1,1,0,0,169.13
2,1,2,0,1,1,0,0,167.84
3,1,2,0,1,1,0,0,171.64
0,2,2,0,1,1,0,0,290.14
1,2,2,0,1,1,0,0,297.9
2,2,2,0,1,1,0,0,301.37
3,2,2,0,1,1,0,0,312.55
0,0,0,1,1,1,0,0,194.6
1,0,0,1,1,1,0,0,165.96
2,0,0,1,1,1,0,0,226.64
3,0,0,1,1,1,0,0,180.25
0,1,0,1,1,1,0,0,90.581
1,1,0,1,1,1,0,0,90.178
2,1,0,1,1,1,0,0,138.32
3,1,0,1,1,1,0,0,102.24
0,2,0,1,1,1,0,0,203.89
1,2,0,1,1,1,0,0,194.26
2,2,0,1,1,1,0,0,260.14
3,2,0,1,1,1,0,0,202.06
0,0,1,1,1,1,0,0,201.88
1,0,1,1,1,1,0,0,141.26
2,0,1,1,1,1,0,0,201.98
3,0,1,1,1,1,0,0,159.97
0,1,1,1,1,1,0,0,98.714
1,1,1,1,1,1,0,0,94.156
2,1,1,1,1,1,0,0,144.89
3,1,1,1,1,1,0,0,98.752
0,2,1,1,1,1,0,0,193.97
1,2,1,1,1,1,0,0,169.19
2,2,1,1,1,1,0,0,229.06
3,2,1,1,1,1,0,0,178.43
0,0,2,1,1,1,0,0,199.32
1,0,2,1,1,1,0,0,182.07
2,0,2,1,1,1,0,0,229.03
3,0,2,1,1,1,0,0,198.32
0,1,2,1,1,1,0,0,79.997
1,1,2,1,1,1,0,0,83.167
2,1,2,1,1,1,0,0,131.34
3,1,2,1,1,1,0,0,104.49
0,2,2,1,1,1,0,0,189.83
1,2,2,1,1,1,0,0,186.37
2,2,2,1,1,1,0,0,239.93
3,2,2,1,1,1,0,0,194.38
0,0,0,0,2,1,0,0,283.08
1,0,0,0,2,1,0,0,285.33
2,0,0,0,2,1,0,0,284.19
3,0,0,0,2,1,0,0,288.5
0,1,0,0,2,1,0,0,167.22
1,1,0,0,2,1,0,0,168.32
2,1,0,0,2,1,0,0,160.81
3,1,0,0,2,1,0,0,166.64
0,2,0,0,2,1,0,0,270.72
1,2,0,0,2,1,0,0,272.37
2,2,0,0,2,1,0,0,276.22
3,2,0,0,2,1,0,0,282.34
0,0,1,0,2,1,0,0,273.82
1,0,1,0,2,1,0,0,273.33
2,0,1,0,2,1,0,0,272.73
3,0,1,0,2,1,0,0,275.41
0,1,1,0,2,1,0,0,169.23
1,1,1,0,2,1,0,0,171.04
2,1,1,0,2,1,0,0,156.13
3,1,1,0,2,1,0,0,165.9
0,2,1,0,2,1,0,0,255.92
1,2,1,0,2,1,0,0,253.34
2,2,1,0,2,1,0,0,262.15
3,2,1,0,2,1,0,0,266.85
0,0,2,0,2,1,0,0,290.32
1,0,2,0,2,1,0,0,294.56
2,0,2,0,2,1,0,0,293.41
3,0,2,0,2,1,0,0,298.44
0,1,2,0,2,1,0,0,165.12
1,1,2,0,2,1,0,0,166.19
2,1,2,0,2,1,0,0,170.24
3,1,2,0,2,1,0,0,166.5
0,2,2,0,2,1,0,0,285.57
1,2,2,0,2,1,0,0,286.88
2,2,2,0,2,1,0,0,290.28
3,2,2,0,2,1,0,0,296.84
0,0,0,1,2,1,0,0,156.39
1,0,0,1,2,1,0,0,166.5
2,0,0,1,2,1,0,0,214.27
3,0,0,1,2,1,0,0,178.42
0,1,0,1,2,1,0,0,86.057
1,1,0,1,2,1,0,0,94.72
2,1,0,1,2,1,0,0,91.703
3,1,0,1,2,1,0,0,87.298
0,2,0,1,2,1,0,0,159.17
1,2,0,1,2,1,0,0,170.83
2,2,0,1,2,1,0,0,232.78
3,2,0,1,2,1,0,0,180.52
0,0,1,1,2,1,0,0,142.53
1,0,1,1,2,1,0,0,141.68
2,0,1,1,2,1,0,0,187.8
3,0,1,1,2,1,0,0,152.69
0,1,1,1,2,1,0,0,87.966
1,1,1,1,2,1,0,0,98.515
2,1,1,1,2,1,0,0,101.95
3,1,1,1,2,1,0,0,83.333
0,2,1,1,2,1,0,0,161.63
1,2,1,1,2,1,0,0,164.07
2,2,1,1,2,1,0,0,214.97
3,2,1,1,2,1,0,0,163.37
0,0,2,1,2,1,0,0,152.91
1,0,2,1,2,1,0,0,159.27
2,0,2,1,2,1,0,0,203.56
3,0,2,1,2,1,0,0,163.86
0,1,2,1,2,1,0,0,69.299
1,1,2,1,2,1,0,0,84.164
2,1,2,1,2,1,0,0,78.068
3,1,2,1,2,1,0,0,91.81
0,2,2,1,2,1,0,0,156.12
1,2,2,1,2,1,0,0,163.17
2,2,2,1,2,1,0,0,220.03
3,2,2,1,2,1,0,0,164.07
0,0,0,0,0,2,0,0,166.09
1,0,0,0,0,2,0,0,168.64
2,0,0,0,0,2,0,0,162.67
3,0,0,0,0,2,0,0,157.11
0,1,0,0,0,2,0,0,83.487
1,1,0,0,0,2,0,0,106.96
2,1,0,0,0,2,0,0,125.15
3,1,0,0,0,2,0,0,103.38
0,2,0,0,0,2,0,0,135.16
1,2,0,0,0,2,0,0,125.18
2,2,0,0,0,2,0,0,160.45
3,2,0,0,0,2,0,0,116.61
0,0,1,0,0,2,0,0,168.56
1,0,1,0,0,2,0,0,188.09
2,0,1,0,0,2,0,0,169.75
3,0,1,0,0,2,0,0,166.67
0,1,1,0,0,2,0,0,79.027
1,1,1,0,0,2,0,0,106.94
2,1,1,0,0,2,0,0,118.5
3,1,1,0,0,2,0,0,96.102
0,2,1,0,0,2,0,0,171.84
1,2,1,0,0,2,0,0,144.26
2,2,1,0,0,2,0,0,216.26
3,2,1,0,0,2,0,0,170.08
0,0,2,0,0,2,0,0,208.6
1,0,2,0,0,2,0,0,182.23
2,0,2,0,0,2,0,0,184.95
3,0,2,0,0,2,0,0,178.82
0,1,2,0,0,2,0,0,85.28
1,1,2,0,0,2,0,0,65.354
2,1,2,0,0,2,0,0,133.98
3,1,2,0,0,2,0,0,84.725
0,2,2,0,0,2,0,0,144.07
1,2,2,0,0,2,0,0,127.13
2,2,2,0,0,2,0,0,159.96
3,2,2,0,0,2,0,0,117.13
0,0,0,1,0,2,0,0,99.528
1,0,0,1,0,2,0,0,97.379
2,0,0,1,0,2,0,0,104.11
3,0,0,1,0,2,0,0,100.64
0,1,0,1,0,2,0,0,46.66
1,1,0,1,0,2,0,0,46.407
2,1,0,1,0,2,0,0,45.686
3,1,0,1,0,2,0,0,46.869
0,2,0,1,0,2,0,0,85.523
1,2,0,1,0,2,0,0,50.407
2,2,0,1,0,2,0,0,106.91
3,2,0,1,0,2,0,0,42.185
0,0,1,1,0,2,0,0,85.893
1,0,1,1,0,2,0,0,81.915
2,0,1,1,0,2,0,0,95.555
3,0,1,1,0,2,0,0,93.471
0,1,1,1,0,2,0,0,49.459
1,1,1,1,0,2,0,0,52.997
2,1,1,1,0,2,0,0,60.313
3,1,1,1,0,2,0,0,49.878
0,2,1,1,0,2,0,0,80.685
1,2,1,1,0,2,0,0,81.565
2,2,1,1,0,2,0,0,108.25
3,2,1,1,0,2,0,0,63.33
0,0,2,1,0,2,0,0,83.277
1,0,2,1,0,2,0,0,75.792
2,0,2,1,0,2,0,0,110.07
3,0,2,1,0,2,0,0,101.16
0,1,2,1,0,2,0,0,40.291
1,1,2,1,0,2,0,0,43.98
2,1,2,1,0,2,0,0,67.667
3,1,2,1,0,2,0,0,42.558
0,2,2,1,0,2,0,0,53.637
1,2,2,1,0,2,0,0,48.237
2,2,2,1,0,2,0,0,104.08
3,2,2,1,0,2,0,0,46.48
0,0,0,0,1,2,0,0,217.67
1,0,0,0,1,2,0,0,196.4
2,0,0,0,1,2,0,0,214.29
3,0,0,0,1,2,0,0,211.16
0,1,0,0,1,2,0,0,156.73
1,1,0,0,1,2,0,0,153.36
2,1,0,0,1,2,0,0,147.39
3,1,0,0,1,2,0,0,150.44
0,2,0,0,1,2,0,0,178.88
1,2,0,0,1,2,0,0,156.03
2,2,0,0,1,2,0,0,186.91
3,2,0,0,1,2,0,0,164.41
0,0,1,0,1,2,0,0,233.92
1,0,1,0,1,2,0,0,206.37
2,0,1,0,1,2,0,0,226.42
3,0,1,0,1,2,0,0,220.8
0,1,1,0,1,2,0,0,152.65
1,1,1,0,1,2,0,0,147.23
2,1,1,0,1,2,0,0,139.71
3,1,1,0,1,2,0,0,142.16
0,2,1,0,1,2,0,0,214.58
1,2,1,0,1,2,0,0,168.78
2,2,1,0,1,2,0,0,220.51
3,2,1,0,1,2,0,0,201.39
0,0,2,0,1,2,0,0,229.26
1,0,2,0,1,2,0,0,203.64
2,0,2,0,1,2,0,0,219.73
3,0,2,0,1,2,0,0,217.13
0,1,2,0,1,2,0,0,155.93
1,1,2,0,1,2,0,0,153.82
2,1,2,0,1,2,0,0,153.37
3,1,2,0,1,2,0,0,151.45
0,2,2,0,1,2,0,0,178.83
1,2,2,0,1,2,0,0,157.03
2,2,2,0,1,2,0,0,185.83
3,2,2,0,1,2,0,0,164.4
0,0,0,1,1,2,0,0,129.52
1,0,0,1,1,2,0,0,113.73
2,0,0,1,1,2,0,0,138.79
3,0,0,1,1,2,0,0,145.57
0,1,0,1,1,2,0,0,75.292
1,1,0,1,1,2,0,0,61.847
2,1,0,1,1,2,0,0,80.637
3,1,0,1,1,2,0,0,71.241
0,2,0,1,1,2,0,0,148.96
1,2,0,1,1,2,0,0,134.89
2,2,0,1,1,2,0,0,151.73
3,2,0,1,1,2,0,0,137.06
0,0,1,1,1,2,0,0,107.35
1,0,1,1,1,2,0,0,87.465
2,0,1,1,1,2,0,0,129.19
3,0,1,1,1,2,0,0,115.5
0,1,1,1,1,2,0,0,76.499
1,1,1,1,1,2,0,0,67.502
2,1,1,1,1,2,0,0,69.122
3,1,1,1,1,2,0,0,70.884
0,2,1,1,1,2,0,0,147.43
1,2,1,1,1,2,0,0,133.24
2,2,1,1,1,2,0,0,145.93
3,2,1,1,1,2,0,0,135.8
0,0,2,1,1,2,0,0,120.7
1,0,2,1,1,2,0,0,101.59
2,0,2,1,1,2,0,0,128.04
3,0,2,1,1,2,0,0,133.83
0,1,2,1,1,2,0,0,75.311
1,1,2,1,1,2,0,0,46.319
2,1,2,1,1,2,0,0,89.024
3,1,2,1,1,2,0,0,72.776
0,2,2,1,1,2,0,0,141.17
1,2,2,1,1,2,0,0,128.95
2,2,2,1,1,2,0,0,147.36
3,2,2,1,1,2,0,0,129.9
0,0,0,0,2,2,0,0,179.66
1,0,0,0,2,2,0,0,161.91
2,0,0,0,2,2,0,0,206.17
3,0,0,0,2,2,0,0,180.31
0,1,0,0,2,2,0,0,97.431
1,1,0,0,2,2,0,0,124.17
2,1,0,0,2,2,0,0,122.63
3,1,0,0,2,2,0,0,107.04
0,2,0,0,2,2,0,0,166.44
1,2,0,0,2,2,0,0,134.45
2,2,0,0,2,2,0,0,176.82
3,2,0,0,2,2,0,0,146.31
0,0,1,0,2,2,0,0,186.29
1,0,1,0,2,2,0,0,162.27
2,0,1,0,2,2,0,0,216.02
3,0,1,0,2,2,0,0,182.92
0,1,1,0,2,2,0,0,103.68
1,1,1,0,2,2,0,0,133.86
2,1,1,0,2,2,0,0,118.39
3,1,1,0,2,2,0,0,107.85
0,2,1,0,2,2,0,0,222.26
1,2,1,0,2,2,0,0,145.16
2,2,1,0,2,2,0,0,222.61
3,2,1,0,2,2,0,0,193.79
0,0,2,0,2,2,0,0,199.34
1,0,2,0,2,2,0,0,183.83
2,0,2,0,2,2,0,0,218.2
3,0,2,0,2,2,0,0,202.21
0,1,2,0,2,2,0,0,92.824
1,1,2,0,2,2,0,0,115.1
2,1,2,0,2,2,0,0,133.33
3,1,2,0,2,2,0,0,101.98
0,2,2,0,2,2,0,0,168.26
1,2,2,0,2,2,0,0,139.84
2,2,2,0,2,2,0,0,179.9
3,2,2,0,2,2,0,0,151.35
0,0,0,1,2,2,0,0,112.23
1,0,0,1,2,2,0,0,116.1
2,0,0,1,2,2,0,0,106.48
3,0,0,1,2,2,0,0,109.88
0,1,0,1,2,2,0,0,77.767
1,1,0,1,2,2,0,0,69.007
2,1,0,1,2,2,0,0,83.696
3,1,0,1,2,2,0,0,55.779
0,2,0,1,2,2,0,0,105.84
1,2,0,1,2,2,0,0,91.38
2,2,0,1,2,2,0,0,144.47
3,2,0,1,2,2,0,0,95.42
0,0,1,1,2,2,0,0,97.058
1,0,1,1,2,2,0,0,95.623
2,0,1,1,2,2,0,0,112.53
3,0,1,1,2,2,0,0,104.53
0,1,1,1,2,2,0,0,62.325
1,1,1,1,2,2,0,0,64.792
2,1,1,1,2,2,0,0,69.915
3,1,1,1,2,2,0,0,61.107
0,2,1,1,2,2,0,0,100.43
1,2,1,1,2,2,0,0,105.29
2,2,1,1,2,2,0,0,133.45
3,2,1,1,2,2,0,0,108.16
0,0,2,1,2,2,0,0,120.04
1,0,2,1,2,2,0,0,109.2
2,0,2,1,2,2,0,0,101.21
3,0,2,1,2,2,0,0,108.53
0,1,2,1,2,2,0,0,50.372
1,1,2,1,2,2,0,0,53.683
2,1,2,1,2,2,0,0,70.232
3,1,2,1,2,2,0,0,58.975
0,2,2,1,2,2,0,0,102.7
1,2,2,1,2,2,0,0,80.21
2,2,2,1,2,2,0,0,153.07
3,2,2,1,2,2,0,0,80.574
0,0,0,0,0,0,1,0,298.73
1,0,0,0,0,0,1,0,251.58
2,0,0,0,0,0,1,0,243.87
3,0,0,0,0,0,1,0,192.62
0,1,0,0,0,0,1,0,138.14
1,1,0,0,0,0,1,0,130.25
2,1,0,0,0,0,1,0,229.2
3,1,0,0,0,0,1,0,129.43
0,2,0,0,0,0,1,0,167.94
1,2,0,0,0,0,1,0,206.25
2,2,0,0,0,0,1,0,332.16
3,2,0,0,0,0,1,0,203.42
0,0,1,0,0,0,1,0,325.21
1,0,1,0,0,0,1,0,280.52
2,0,1,0,0,0,1,0,358.96
3,0,1,0,0,0,1,0,335.86
0,1,1,0,0,0,1,0,151.68
1,1,1,0,0,0,1,0,178.36
2,1,1,0,0,0,1,0,212.47
3,1,1,0,0,0,1,0,186.72
0,2,1,0,0,0,1,0,346.48
1,2,1,0,0,0,1,0,181.51
2,2,1,0,0,0,1,0,381.24
3,2,1,0,0,0,1,0,218.42
0,0,2,0,0,0,1,0,274
1,0,2,0,0,0,1,0,283.22
2,0,2,0,0,0,1,0,267.04
3,0,2,0,0,0,1,0,376.34
0,1,2,0,0,0,1,0,139.38
1,1,2,0,0,0,1,0,130.53
2,1,2,0,0,0,1,0,285.25
3,1,2,0,0,0,1,0,176.67
0,2,2,0,0,0,1,0,416.27
1,2,2,0,0,0,1,0,246.58
2,2,2,0,0,0,1,0,449.32
3,2,2,0,0,0,1,0,218.33
0,0,0,1,0,0,1,0,179.78
1,0,0,1,0,0,1,0,194.09
2,0,0,1,0,0,1,0,212.63
3,0,0,1,0,0,1,0,191.77
0,1,0,1,0,0,1,0,82.903
1,1,0,1,0,0,1,0,89.784
2,1,0,1,0,0,1,0,109.31
3,1,0,1,0,0,1,0,97.781
0,2,0,1,0,0,1,0,100.17
1,2,0,1,0,0,1,0,102.37
2,2,0,1,0,0,1,0,133.89
3,2,0,1,0,0,1,0,90.139
0,0,1,1,0,0,1,0,177.55
1,0,1,1,0,0,1,0,198.57
2,0,1,1,0,0,1,0,195.75
3,0,1,1,0,0,1,0,189.89
0,1,1,1,0,0,1,0,75.895
1,1,1,1,0,0,1,0,88.767
2,1,1,1,0,0,1,0,129.16
3,1,1,1,0,0,1,0,97.323
0,2,1,1,0,0,1,0,137.89
1,2,1,1,0,0,1,0,146.95
2,2,1,1,0,0,1,0,204.06
3,2,1,1,0,0,1,0,154.89
0,0,2,1,0,0,1,0,193.27
1,0,2,1,0,0,1,0,211.45
2,0,2,1,0,0,1,0,254.83
3,0,2,1,0,0,1,0,197.39
0,1,2,1,0,0,1,0,73.439
1,1,2,1,0,0,1,0,71.911
2,1,2,1,0,0,1,0,119.55
3,1,2,1,0,0,1,0,77.485
0,2,2,1,0,0,1,0,81.212
1,2,2,1,0,0,1,0,84.505
2,2,2,1,0,0,1,0,113.97
3,2,2,1,0,0,1,0,82.936
0,0,0,0,1,0,1,0,438.47
1,0,0,0,1,0,1,0,386.17
2,0,0,0,1,0,1,0,424.81
3,0,0,0,1,0,1,0,479.45
0,1,0,0,1,0,1,0,228.23
1,1,0,0,1,0,1,0,284.07
2,1,0,0,1,0,1,0,270.22
3,1,0,0,1,0,1,0,295.65
0,2,0,0,1,0,1,0,354.24
1,2,0,0,1,0,1,0,226.91
2,2,0,0,1,0,1,0,360.45
3,2,0,0,1,0,1,0,300.06
0,0,1,0,1,0,1,0,438.29
1,0,1,0,1,0,1,0,386.48
2,0,1,0,1,0,1,0,424.13
3,0,1,0,1,0,1,0,488.87
0,1,1,0,1,0,1,0,256.51
1,1,1,0,1,0,1,0,277.44
2,1,1,0,1,0,1,0,259.11
3,1,1,0,1,0,1,0,279.97
0,2,1,0,1,0,1,0,438.48
1,2,1,0,1,0,1,0,203.96
2,2,1,0,1,0,1,0,364.8
3,2,1,0,1,0,1,0,287.51
0,0,2,0,1,0,1,0,445.92
1,0,2,0,1,0,1,0,396.02
2,0,2,0,1,0,1,0,437.81
3,0,2,0,1,0,1,0,493.54
0,1,2,0,1,0,1,0,205.33
1,1,2,0,1,0,1,0,295.51
2,1,2,0,1,0,1,0,281.89
3,1,2,0,1,0,1,0,316.58
0,2,2,0,1,0,1,0,404.56
1,2,2,0,1,0,1,0,253.39
2,2,2,0,1,0,1,0,403.72
3,2,2,0,1,0,1,0,341.28
0,0,0,1,1,0,1,0,244.16
1,0,0,1,1,0,1,0,291.27
2,0,0,1,1,0,1,0,279.27
3,0,0,1,1,0,1,0,270.09
0,1,0,1,1,0,1,0,123.53
1,1,0,1,1,0,1,0,119.57
2,1,0,1,1,0,1,0,131.78
3,1,0,1,1,0,1,0,137.66
0,2,0,1,1,0,1,0,152.68
1,2,0,1,1,0,1,0,182.83
2,2,0,1,1,0,1,0,205.94
3,2,0,1,1,0,1,0,165.49
0,0,1,1,1,0,1,0,245.23
1,0,1,1,1,0,1,0,294.06
2,0,1,1,1,0,1,0,280.85
3,0,1,1,1,0,1,0,273.25
0,1,1,1,1,0,1,0,145.73
1,1,1,1,1,0,1,0,137.25
2,1,1,1,1,0,1,0,155.05
3,1,1,1,1,0,1,0,169.95
0,2,1,1,1,0,1,0,169.83
1,2,1,1,1,0,1,0,213.86
2,2,1,1,1,0,1,0,259.74
3,2,1,1,1,0,1,0,202.02
0,0,2,1,1,0,1,0,246.61
1,0,2,1,1,0,1,0,294.62
2,0,2,1,1,0,1,0,285.05
3,0,2,1,1,0,1,0,270
0,1,2,1,1,0,1,0,114.3
1,1,2,1,1,0,1,0,129.6
2,1,2,1,1,0,1,0,129.92
3,1,2,1,1,0,1,0,124.02
0,2,2,1,1,0,1,0,138.07
1,2,2,1,1,0,1,0,170.99
2,2,2,1,1,0,1,0,188.19
3,2,2,1,1,0,1,0,158.72
0,0,0,0,2,0,1,0,369.28
1,0,0,0,2,0,1,0,322.89
2,0,0,0,2,0,1,0,366.08
3,0,0,0,2,0,1,0,409.14
0,1,0,0,2,0,1,0,216.32
1,1,0,0,2,0,1,0,296
2,1,0,0,2,0,1,0,252.59
3,1,0,0,2,0,1,0,229.23
0,2,0,0,2,0,1,0,398.22
1,2,0,0,2,0,1,0,206.77
2,2,0,0,2,0,1,0,354.32
3,2,0,0,2,0,1,0,290.86
0,0,1,0,2,0,1,0,356.2
1,0,1,0,2,0,1,0,313.04
2,0,1,0,2,0,1,0,355.85
3,0,1,0,2,0,1,0,387.96
0,1,1,0,2,0,1,0,203.04
1,1,1,0,2,0,1,0,297.36
2,1,1,0,2,0,1,0,258.02
3,1,1,0,2,0,1,0,240.98
0,2,1,0,2,0,1,0,488.99
1,2,1,0,2,0,1,0,173.63
2,2,1,0,2,0,1,0,344.2
3,2,1,0,2,0,1,0,236.13
0,0,2,0,2,0,1,0,396.41
1,0,2,0,2,0,1,0,357.99
2,0,2,0,2,0,1,0,397.89
3,0,2,0,2,0,1,0,464.12
0,1,2,0,2,0,1,0,230.09
1,1,2,0,2,0,1,0,284.36
2,1,2,0,2,0,1,0,241.66
3,1,2,0,2,0,1,0,210.55
0,2,2,0,2,0,1,0,434.65
1,2,2,0,2,0,1,0,244.78
2,2,2,0,2,0,1,0,414.75
3,2,2,0,2,0,1,0,360.05
0,0,0,1,2,0,1,0,190.32
1,0,0,1,2,0,1,0,248.59
2,0,0,1,2,0,1,0,244.24
3,0,0,1,2,0,1,0,237.96
0,1,0,1,2,0,1,0,82.999
1,1,0,1,2,0,1,0,90.24
2,1,0,1,2,0,1,0,98.759
3,1,0,1,2,0,1,0,81.154
0,2,0,1,2,0,1,0,151.85
1,2,0,1,2,0,1,0,186.05
2,2,0,1,2,0,1,0,211.8
3,2,0,1,2,0,1,0,170.51
0,0,1,1,2,0,1,0,178.23
1,0,1,1,2,0,1,0,243.06
2,0,1,1,2,0,1,0,237.7
3,0,1,1,2,0,1,0,224.28
0,1,1,1,2,0,1,0,92.856
1,1,1,1,2,0,1,0,100.62
2,1,1,1,2,0,1,0,108.36
3,1,1,1,2,0,1,0,124.6
0,2,1,1,2,0,1,0,187.94
1,2,1,1,2,0,1,0,236.65
2,2,1,1,2,0,1,0,277.97
3,2,1,1,2,0,1,0,233.88
0,0,2,1,2,0,1,0,201.9
1,0,2,1,2,0,1,0,258.9
2,0,2,1,2,0,1,0,261.34
3,0,2,1,2,0,1,0,244.69
0,1,2,1,2,0,1,0,94.562
1,1,2,1,2,0,1,0,110.62
2,1,2,1,2,0,1,0,122.26
3,1,2,1,2,0,1,0,97.728
0,2,2,1,2,0,1,0,129.15
1,2,2,1,2,0,1,0,169.12
2,2,2,1,2,0,1,0,188.23
3,2,2,1,2,0,1,0,154.5
0,0,0,0,0,1,1,0,341.65
1,0,0,0,0,1,1,0,428.49
2,0,0,0,0,1,1,0,431.29
3,0,0,0,0,1,1,0,385.19
0,1,0,0,0,1,1,0,145.48
1,1,0,0,0,1,1,0,151.78
2,1,0,0,0,1,1,0,223.92
3,1,0,0,0,1,1,0,118.33
0,2,0,0,0,1,1,0,215.63
1,2,0,0,0,1,1,0,235.57
2,2,0,0,0,1,1,0,313.82
3,2,0,0,0,1,1,0,260.67
0,0,1,0,0,1,1,0,366.87
1,0,1,0,0,1,1,0,462.24
2,0,1,0,0,1,1,0,490.08
3,0,1,0,0,1,1,0,433.83
0,1,1,0,0,1,1,0,135.03
1,1,1,0,0,1,1,0,122.95
2,1,1,0,0,1,1,0,197.15
3,1,1,0,0,1,1,0,141.19
0,2,1,0,0,1,1,0,293.05
1,2,1,0,0,1,1,0,207.47
2,2,1,0,0,1,1,0,335.71
3,2,1,0,0,1,1,0,258.03
0,0,2,0,0,1,1,0,375.37
1,0,2,0,0,1,1,0,526.06
2,0,2,0,0,1,1,0,527.65
3,0,2,0,0,1,1,0,505.86
0,1,2,0,0,1,1,0,148.89
1,1,2,0,0,1,1,0,166.75
2,1,2,0,0,1,1,0,218.46
3,1,2,0,0,1,1,0,118.93
0,2,2,0,0,1,1,0,306.08
1,2,2,0,0,1,1,0,247.68
2,2,2,0,0,1,1,0,370.96
3,2,2,0,0,1,1,0,246.59
0,0,0,1,0,1,1,0,188.33
1,0,0,1,0,1,1,0,191.48
2,0,0,1,0,1,1,0,206.73
3,0,0,1,0,1,1,0,194.62
0,1,0,1,0,1,1,0,161.65
1,1,0,1,0,1,1,0,147.21
2,1,0,1,0,1,1,0,149.46
3,1,0,1,0,1,1,0,122.55
0,2,0,1,0,1,1,0,129.5
1,2,0,1,0,1,1,0,127.25
2,2,0,1,0,1,1,0,149.15
3,2,0,1,0,1,1,0,108.25
0,0,1,1,0,1,1,0,188.4
1,0,1,1,0,1,1,0,197.57
2,0,1,1,0,1,1,0,196.85
3,0,1,1,0,1,1,0,195.2
0,1,1,1,0,1,1,0,138.16
1,1,1,1,0,1,1,0,123.76
2,1,1,1,0,1,1,0,162.01
3,1,1,1,0,1,1,0,100.38
0,2,1,1,0,1,1,0,195.98
1,2,1,1,0,1,1,0,197.9
2,2,1,1,0,1,1,0,233.58
3,2,1,1,0,1,1,0,180.62
0,0,2,1,0,1,1,0,197.8
1,0,2,1,0,1,1,0,203
2,0,2,1,0,1,1,0,240.49
3,0,2,1,0,1,1,0,194.12
0,1,2,1,0,1,1,0,92.446
1,1,2,1,0,1,1,0,93.467
2,1,2,1,0,1,1,0,125.97
3,1,2,1,0,1,1,0,73.36
0,2,2,1,0,1,1,0,95.233
1,2,2,1,0,1,1,0,93.526
2,2,2,1,0,1,1,0,114.69
3,2,2,1,0,1,1,0,88.587
0,0,0,0,1,1,1,0,393.18
1,0,0,0,1,1,1,0,434.75
2,0,0,0,1,1,1,0,443.19
3,0,0,0,1,1,1,0,429.13
0,1,0,0,1,1,1,0,222.75
1,1,0,0,1,1,1,0,273.17
2,1,0,0,1,1,1,0,264.77
3,1,0,0,1,1,1,0,269.16
0,2,0,0,1,1,1,0,302.45
1,2,0,0,1,1,1,0,248.1
2,2,0,0,1,1,1,0,327.77
3,2,0,0,1,1,1,0,292.3
0,0,1,0,1,1,1,0,412
1,0,1,0,1,1,1,0,456.73
2,0,1,0,1,1,1,0,470.53
3,0,1,0,1,1,1,0,460.74
0,1,1,0,1,1,1,0,273.97
1,1,1,0,1,1,1,0,280.65
2,1,1,0,1,1,1,0,275.54
3,1,1,0,1,1,1,0,286.51
0,2,1,0,1,1,1,0,353.92
1,2,1,0,1,1,1,0,237.84
2,2,1,0,1,1,1,0,344.05
3,2,1,0,1,1,1,0,303.29
0,0,2,0,1,1,1,0,458.25
1,0,2,0,1,1,1,0,537.72
2,0,2,0,1,1,1,0,549.55
3,0,2,0,1,1,1,0,568.83
0,1,2,0,1,1,1,0,180.52
1,1,2,0,1,1,1,0,261
2,1,2,0,1,1,1,0,254.48
3,1,2,0,1,1,1,0,281.03
0,2,2,0,1,1,1,0,314.67
1,2,2,0,1,1,1,0,266.79
2,2,2,0,1,1,1,0,368.43
3,2,2,0,1,1,1,0,326.58
0,0,0,1,1,1,1,0,232.73
1,0,0,1,1,1,1,0,268.95
2,0,0,1,1,1,1,0,255.88
3,0,0,1,1,1,1,0,239.7
0,1,0,1,1,1,1,0,137
1,1,0,1,1,1,1,0,130.8
2,1,0,1,1,1,1,0,140.12
3,1,0,1,1,1,1,0,134.89
0,2,0,1,1,1,1,0,154.66
1,2,0,1,1,1,1,0,173.07
2,2,0,1,1,1,1,0,191.08
3,2,0,1,1,1,1,0,152.2
0,0,1,1,1,1,1,0,234.97
1,0,1,1,1,1,1,0,272.97
2,0,1,1,1,1,1,0,256.68
3,0,1,1,1,1,1,0,239.94
0,1,1,1,1,1,1,0,141.32
1,1,1,1,1,1,1,0,127.76
2,1,1,1,1,1,1,0,147.36
3,1,1,1,1,1,1,0,139.51
0,2,1,1,1,1,1,0,179.69
1,2,1,1,1,1,1,0,209.07
2,2,1,1,1,1,1,0,241.37
3,2,1,1,1,1,1,0,185.41
0,0,2,1,1,1,1,0,233.37
1,0,2,1,1,1,1,0,270.46
2,0,2,1,1,1,1,0,259.08
3,0,2,1,1,1,1,0,239.04
0,1,2,1,1,1,1,0,132.76
1,1,2,1,1,1,1,0,140.75
2,1,2,1,1,1,1,0,140.75
3,1,2,1,1,1,1,0,140.81
0,2,2,1,1,1,1,0,135.13
1,2,2,1,1,1,1,0,157.14
2,2,2,1,1,1,1,0,170.31
3,2,2,1,1,1,1,0,146.13
0,0,0,0,2,1,1,0,362.81
1,0,0,0,2,1,1,0,398.26
2,0,0,0,2,1,1,0,408.54
3,0,0,0,2,1,1,0,395.23
0,1,0,0,2,1,1,0,181.06
1,1,0,0,2,1,1,0,228.77
2,1,0,0,2,1,1,0,233.2
3,1,0,0,2,1,1,0,230.06
0,2,0,0,2,1,1,0,323.56
1,2,0,0,2,1,1,0,234.75
2,2,0,0,2,1,1,0,323.28
3,2,0,0,2,1,1,0,286.52
0,0,1,0,2,1,1,0,395.57
1,0,1,0,2,1,1,0,447.76
2,0,1,0,2,1,1,0,470.77
3,0,1,0,2,1,1,0,474.66
0,1,1,0,2,1,1,0,175.47
1,1,1,0,2,1,1,0,226.61
2,1,1,0,2,1,1,0,247.99
3,1,1,0,2,1,1,0,278.43
0,2,1,0,2,1,1,0,366.75
1,2,1,0,2,1,1,0,225.25
2,2,1,0,2,1,1,0,339.75
3,2,1,0,2,1,1,0,290.83
0,0,2,0,2,1,1,0,428.89
1,0,2,0,2,1,1,0,504.15
2,0,2,0,2,1,1,0,509.8
3,0,2,0,2,1,1,0,532.22
0,1,2,0,2,1,1,0,184.58
1,1,2,0,2,1,1,0,220.75
2,1,2,0,2,1,1,0,202.43
3,1,2,0,2,1,1,0,191.67
0,2,2,0,2,1,1,0,315.47
1,2,2,0,2,1,1,0,254.68
2,2,2,0,2,1,1,0,363.51
3,2,2,0,2,1,1,0,324.09
0,0,0,1,2,1,1,0,206.88
1,0,0,1,2,1,1,0,236.68
2,0,0,1,2,1,1,0,235.76
3,0,0,1,2,1,1,0,229.09
0,1,0,1,2,1,1,0,121.27
1,1,0,1,2,1,1,0,121.73
2,1,0,1,2,1,1,0,128.54
3,1,0,1,2,1,1,0,112.61
0,2,0,1,2,1,1,0,158.76
1,2,0,1,2,1,1,0,176.87
2,2,0,1,2,1,1,0,198.65
3,2,0,1,2,1,1,0,162.82
0,0,1,1,2,1,1,0,204.3
1,0,1,1,2,1,1,0,235.95
2,0,1,1,2,1,1,0,233.92
3,0,1,1,2,1,1,0,220.32
0,1,1,1,2,1,1,0,111.23
1,1,1,1,2,1,1,0,118.9
2,1,1,1,2,1,1,0,129.05
3,1,1,1,2,1,1,0,123.78
0,2,1,1,2,1,1,0,194.17
1,2,1,1,2,1,1,0,224.97
2,2,1,1,2,1,1,0,257.97
3,2,1,1,2,1,1,0,213.02
0,0,2,1,2,1,1,0,212.73
1,0,2,1,2,1,1,0,243.59
2,0,2,1,2,1,1,0,250.55
3,0,2,1,2,1,1,0,235.67
0,1,2,1,2,1,1,0,142.78
1,1,2,1,2,1,1,0,143.2
2,1,2,1,2,1,1,0,146.54
3,1,2,1,2,1,1,0,136.01
0,2,2,1,2,1,1,0,133.06
1,2,2,1,2,1,1,0,156.92
2,2,2,1,2,1,1,0,176.69
3,2,2,1,2,1,1,0,149.07
0,0,0,0,0,2,1,0,254.96
1,0,0,0,0,2,1,0,248.74
2,0,0,0,0,2,1,0,253.83
3,0,0,0,0,2,1,0,243.37
0,1,0,0,0,2,1,0,127.3
1,1,0,0,0,2,1,0,137.33
2,1,0,0,0,2,1,0,219.99
3,1,0,0,0,2,1,0,112.63
0,2,0,0,0,2,1,0,246.53
1,2,0,0,0,2,1,0,216.63
2,2,0,0,0,2,1,0,328.19
3,2,0,0,0,2,1,0,351.97
0,0,1,0,0,2,1,0,276.45
1,0,1,0,0,2,1,0,250.42
2,0,1,0,0,2,1,0,266.5
3,0,1,0,0,2,1,0,283.81
0,1,1,0,0,2,1,0,138.31
1,1,1,0,0,2,1,0,149.46
2,1,1,0,0,2,1,0,187.01
3,1,1,0,0,2,1,0,145.9
0,2,1,0,0,2,1,0,277.08
1,2,1,0,0,2,1,0,144.41
2,2,1,0,0,2,1,0,291.88
3,2,1,0,0,2,1,0,263.8
0,0,2,0,0,2,1,0,281.75
1,0,2,0,0,2,1,0,268.61
2,0,2,0,0,2,1,0,300.28
3,0,2,0,0,2,1,0,315.47
0,1,2,0,0,2,1,0,109.63
1,1,2,0,0,2,1,0,115.18
2,1,2,0,0,2,1,0,184.77
3,1,2,0,0,2,1,0,118.61
0,2,2,0,0,2,1,0,169.85
1,2,2,0,0,2,1,0,147.7
2,2,2,0,0,2,1,0,256.32
3,2,2,0,0,2,1,0,148.3
0,0,0,1,0,2,1,0,137.36
1,0,0,1,0,2,1,0,129.56
2,0,0,1,0,2,1,0,154.38
3,0,0,1,0,2,1,0,154.55
0,1,0,1,0,2,1,0,73.751
1,1,0,1,0,2,1,0,62.791
2,1,0,1,0,2,1,0,68.849
3,1,0,1,0,2,1,0,55.356
0,2,0,1,0,2,1,0,131.21
1,2,0,1,0,2,1,0,147.9
2,2,0,1,0,2,1,0,184.47
3,2,0,1,0,2,1,0,130.98
0,0,1,1,0,2,1,0,139.88
1,0,1,1,0,2,1,0,133.61
2,0,1,1,0,2,1,0,153.58
3,0,1,1,0,2,1,0,158.08
0,1,1,1,0,2,1,0,86.574
1,1,1,1,0,2,1,0,91.789
2,1,1,1,0,2,1,0,107.39
3,1,1,1,0,2,1,0,79.044
0,2,1,1,0,2,1,0,160.88
1,2,1,1,0,2,1,0,209.49
2,2,1,1,0,2,1,0,238.12
3,2,1,1,0,2,1,0,161.69
0,0,2,1,0,2,1,0,133.08
1,0,2,1,0,2,1,0,123.3
2,0,2,1,0,2,1,0,156.82
3,0,2,1,0,2,1,0,157.69
0,1,2,1,0,2,1,0,69.326
1,1,2,1,0,2,1,0,66.033
2,1,2,1,0,2,1,0,91.957
3,1,2,1,0,2,1,0,67.112
0,2,2,1,0,2,1,0,73.993
1,2,2,1,0,2,1,0,83.081
2,2,2,1,0,2,1,0,127.11
3,2,2,1,0,2,1,0,98.551
0,0,0,0,1,2,1,0,440.11
1,0,0,0,1,2,1,0,325.17
2,0,0,0,1,2,1,0,411.84
3,0,0,0,1,2,1,0,398.49
0,1,0,0,1,2,1,0,162.06
1,1,0,0,1,2,1,0,155.09
2,1,0,0,1,2,1,0,180.63
3,1,0,0,1,2,1,0,142.73
0,2,0,0,1,2,1,0,325.92
1,2,0,0,1,2,1,0,207.83
2,2,0,0,1,2,1,0,366.22
3,2,0,0,1,2,1,0,371.49
0,0,1,0,1,2,1,0,439.96
1,0,1,0,1,2,1,0,331.35
2,0,1,0,1,2,1,0,408.09
3,0,1,0,1,2,1,0,398.44
0,1,1,0,1,2,1,0,204.68
1,1,1,0,1,2,1,0,188.56
2,1,1,0,1,2,1,0,234.09
3,1,1,0,1,2,1,0,197.9
0,2,1,0,1,2,1,0,349.24
1,2,1,0,1,2,1,0,185.96
2,2,1,0,1,2,1,0,372.16
3,2,1,0,1,2,1,0,358.77
0,0,2,0,1,2,1,0,434
1,0,2,0,1,2,1,0,320.7
2,0,2,0,1,2,1,0,413.64
3,0,2,0,1,2,1,0,398.49
0,1,2,0,1,2,1,0,153.75
1,1,2,0,1,2,1,0,119.05
2,1,2,0,1,2,1,0,163.66
3,1,2,0,1,2,1,0,241.95
0,2,2,0,1,2,1,0,255.1
1,2,2,0,1,2,1,0,171.84
2,2,2,0,1,2,1,0,340.17
3,2,2,0,1,2,1,0,304.75
0,0,0,1,1,2,1,0,155.29
1,0,0,1,1,2,1,0,116.51
2,0,0,1,1,2,1,0,163.53
3,0,0,1,1,2,1,0,193.67
0,1,0,1,1,2,1,0,106.02
1,1,0,1,1,2,1,0,114.45
2,1,0,1,1,2,1,0,128.25
3,1,0,1,1,2,1,0,131.94
0,2,0,1,1,2,1,0,121.51
1,2,0,1,1,2,1,0,123.47
2,2,0,1,1,2,1,0,148.46
3,2,0,1,1,2,1,0,112.01
0,0,1,1,1,2,1,0,158.64
1,0,1,1,1,2,1,0,120.42
2,0,1,1,1,2,1,0,166.8
3,0,1,1,1,2,1,0,198.46
0,1,1,1,1,2,1,0,115.19
1,1,1,1,1,2,1,0,96.142
2,1,1,1,1,2,1,0,128.43
3,1,1,1,1,2,1,0,134.23
0,2,1,1,1,2,1,0,127.6
1,2,1,1,1,2,1,0,151.05
2,2,1,1,1,2,1,0,173.76
3,2,1,1,1,2,1,0,118.99
0,0,2,1,1,2,1,0,150.98
1,0,2,1,1,2,1,0,111.64
2,0,2,1,1,2,1,0,161.49
3,0,2,1,1,2,1,0,191.13
0,1,2,1,1,2,1,0,97.469
1,1,2,1,1,2,1,0,138.63
2,1,2,1,1,2,1,0,135.91
3,1,2,1,1,2,1,0,142.04
0,2,2,1,1,2,1,0,89.944
1,2,2,1,1,2,1,0,95.262
2,2,2,1,1,2,1,0,120.69
3,2,2,1,1,2,1,0,104.1
0,0,0,0,2,2,1,0,308.6
1,0,0,0,2,2,1,0,252.88
2,0,0,0,2,2,1,0,376.48
3,0,0,0,2,2,1,0,337.53
0,1,0,0,2,2,1,0,166.31
1,1,0,0,2,2,1,0,169
2,1,0,0,2,2,1,0,198.92
3,1,0,0,2,2,1,0,146.38
0,2,0,0,2,2,1,0,331.42
1,2,0,0,2,2,1,0,197.79
2,2,0,0,2,2,1,0,338.65
3,2,0,0,2,2,1,0,379.62
0,0,1,0,2,2,1,0,292.91
1,0,1,0,2,2,1,0,248.29
2,0,1,0,2,2,1,0,345.33
3,0,1,0,2,2,1,0,318.73
0,1,1,0,2,2,1,0,190.6
1,1,1,0,2,2,1,0,185.58
2,1,1,0,2,2,1,0,176.52
3,1,1,0,2,2,1,0,174.97
0,2,1,0,2,2,1,0,344.99
1,2,1,0,2,2,1,0,184.6
2,2,1,0,2,2,1,0,356.13
3,2,1,0,2,2,1,0,383.39
0,0,2,0,2,2,1,0,287.67
1,0,2,0,2,2,1,0,271.6
2,0,2,0,2,2,1,0,430.49
3,0,2,0,2,2,1,0,386.28
0,1,2,0,2,2,1,0,156.67
1,1,2,0,2,2,1,0,135.92
2,1,2,0,2,2,1,0,148.37
3,1,2,0,2,2,1,0,196.05
0,2,2,0,2,2,1,0,202.4
1,2,2,0,2,2,1,0,163.92
2,2,2,0,2,2,1,0,302.78
3,2,2,0,2,2,1,0,301.09
0,0,0,1,2,2,1,0,165.92
1,0,0,1,2,2,1,0,135.87
2,0,0,1,2,2,1,0,163.08
3,0,0,1,2,2,1,0,185.29
0,1,0,1,2,2,1,0,84.693
1,1,0,1,2,2,1,0,104.24
2,1,0,1,2,2,1,0,110.78
3,1,0,1,2,2,1,0,85.157
0,2,0,1,2,2,1,0,130.14
1,2,0,1,2,2,1,0,135.56
2,2,0,1,2,2,1,0,156.66
3,2,0,1,2,2,1,0,135.98
0,0,1,1,2,2,1,0,171.16
1,0,1,1,2,2,1,0,147.43
2,0,1,1,2,2,1,0,165.68
3,0,1,1,2,2,1,0,185.47
0,1,1,1,2,2,1,0,105.29
1,1,1,1,2,2,1,0,116.34
2,1,1,1,2,2,1,0,109.29
3,1,1,1,2,2,1,0,102.14
0,2,1,1,2,2,1,0,152.83
1,2,1,1,2,2,1,0,179.37
2,2,1,1,2,2,1,0,186.39
3,2,1,1,2,2,1,0,166.1
0,0,2,1,2,2,1,0,155.74
1,0,2,1,2,2,1,0,120.18
2,0,2,1,2,2,1,0,160.02
3,0,2,1,2,2,1,0,187.79
0,1,2,1,2,2,1,0,81.161
1,1,2,1,2,2,1,0,114.97
2,1,2,1,2,2,1,0,126.29
3,1,2,1,2,2,1,0,93.788
0,2,2,1,2,2,1,0,95.317
1,2,2,1,2,2,1,0,98.539
2,2,2,1,2,2,1,0,123.53
3,2,2,1,2,2,1,0,116.23
0,0,0,0,0,0,0,1,250.88
1,0,0,0,0,0,0,1,271.69
2,0,0,0,0,0,0,1,254.52
3,0,0,0,0,0,0,1,248.35
0,1,0,0,0,0,0,1,164.62
1,1,0,0,0,0,0,1,150.18
2,1,0,0,0,0,0,1,161.76
3,1,0,0,0,0,0,1,173.37
0,2,0,0,0,0,0,1,221.49
1,2,0,0,0,0,0,1,236.57
2,2,0,0,0,0,0,1,224.22
3,2,0,0,0,0,0,1,218.72
0,0,1,0,0,0,0,1,231.86
1,0,1,0,0,0,0,1,259.58
2,0,1,0,0,0,0,1,235.49
3,0,1,0,0,0,0,1,230.09
0,1,1,0,0,0,0,1,186.82
1,1,1,0,0,0,0,1,153.7
2,1,1,0,0,0,0,1,180.92
3,1,1,0,0,0,0,1,197.07
0,2,1,0,0,0,0,1,219.99
1,2,1,0,0,0,0,1,232.53
2,2,1,0,0,0,0,1,227.52
3,2,1,0,0,0,0,1,225.18
0,0,2,0,0,0,0,1,272.28
1,0,2,0,0,0,0,1,291.62
2,0,2,0,0,0,0,1,275.05
3,0,2,0,0,0,0,1,271.04
0,1,2,0,0,0,0,1,140.16
1,1,2,0,0,0,0,1,138.77
2,1,2,0,0,0,0,1,145.62
3,1,2,0,0,0,0,1,152.13
0,2,2,0,0,0,0,1,225.99
1,2,2,0,0,0,0,1,243.31
2,2,2,0,0,0,0,1,229.72
3,2,2,0,0,0,0,1,223.89
0,0,0,1,0,0,0,1,173.48
1,0,0,1,0,0,0,1,170.33
2,0,0,1,0,0,0,1,184.94
3,0,0,1,0,0,0,1,168.02
0,1,0,1,0,0,0,1,100.08
1,1,0,1,0,0,0,1,114.7
2,1,0,1,0,0,0,1,118.94
3,1,0,1,0,0,0,1,122.37
0,2,0,1,0,0,0,1,85.439
1,2,0,1,0,0,0,1,88.072
2,2,0,1,0,0,0,1,113.88
3,2,0,1,0,0,0,1,98.263
0,0,1,1,0,0,0,1,176.24
1,0,1,1,0,0,0,1,171.21
2,0,1,1,0,0,0,1,191.36
3,0,1,1,0,0,0,1,180.58
0,1,1,1,0,0,0,1,105.33
1,1,1,1,0,0,0,1,121.19
2,1,1,1,0,0,0,1,120.27
3,1,1,1,0,0,0,1,122.53
0,2,1,1,0,0,0,1,90.837
1,2,1,1,0,0,0,1,96.261
2,2,1,1,0,0,0,1,120.36
3,2,1,1,0,0,0,1,114.26
0,0,2,1,0,0,0,1,178.73
1,0,2,1,0,0,0,1,172.65
2,0,2,1,0,0,0,1,204.31
3,0,2,1,0,0,0,1,182.39
0,1,2,1,0,0,0,1,58.818
1,1,2,1,0,0,0,1,98.132
2,1,2,1,0,0,0,1,121.55
3,1,2,1,0,0,0,1,118.13
0,2,2,1,0,0,0,1,82.979
1,2,2,1,0,0,0,1,86.466
2,2,2,1,0,0,0,1,111.62
3,2,2,1,0,0,0,1,96.176
0,0,0,0,1,0,0,1,297.44
1,0,0,0,1,0,0,1,318.83
2,0,0,0,1,0,0,1,301.33
3,0,0,0,1,0,0,1,298.47
0,1,0,0,1,0,0,1,182.25
1,1,0,0,1,0,0,1,173.26
2,1,0,0,1,0,0,1,183.3
3,1,0,0,1,0,0,1,188.29
0,2,0,0,1,0,0,1,244.59
1,2,0,0,1,0,0,1,260.9
2,2,0,0,1,0,0,1,248.46
3,2,0,0,1,0,0,1,246.46
0,0,1,0,1,0,0,1,285.84
1,0,1,0,1,0,0,1,310.05
2,0,1,0,1,0,0,1,290.77
3,0,1,0,1,0,0,1,287.9
0,1,1,0,1,0,0,1,192.91
1,1,1,0,1,0,0,1,172.51
2,1,1,0,1,0,0,1,191.17
3,1,1,0,1,0,0,1,201.78
0,2,1,0,1,0,0,1,245.84
1,2,1,0,1,0,0,1,259.95
2,2,1,0,1,0,0,1,253.09
3,2,1,0,1,0,0,1,253.88
0,0,2,0,1,0,0,1,309.52
1,0,2,0,1,0,0,1,329.7
2,0,2,0,1,0,0,1,312.93
3,0,2,0,1,0,0,1,310.4
0,1,2,0,1,0,0,1,167.21
1,1,2,0,1,0,0,1,165.15
2,1,2,0,1,0,0,1,170.03
3,1,2,0,1,0,0,1,173.95
0,2,2,0,1,0,0,1,248.71
1,2,2,0,1,0,0,1,266.38
2,2,2,0,1,0,0,1,252.44
3,2,2,0,1,0,0,1,248.24
0,0,0,1,1,0,0,1,247.1
1,0,0,1,1,0,0,1,242.92
2,0,0,1,1,0,0,1,257.01
3,0,0,1,1,0,0,1,244.88
0,1,0,1,1,0,0,1,139.6
1,1,0,1,1,0,0,1,140.86
2,1,0,1,1,0,0,1,139.68
3,1,0,1,1,0,0,1,140.57
0,2,0,1,1,0,0,1,160.43
1,2,0,1,1,0,0,1,152.69
2,2,0,1,1,0,0,1,160.11
3,2,0,1,1,0,0,1,144.6
0,0,1,1,1,0,0,1,242.08
1,0,1,1,1,0,0,1,238.45
2,0,1,1,1,0,0,1,250.91
3,0,1,1,1,0,0,1,236.87
0,1,1,1,1,0,0,1,140.1
1,1,1,1,1,0,0,1,141.49
2,1,1,1,1,0,0,1,139.84
3,1,1,1,1,0,0,1,141.2
0,2,1,1,1,0,0,1,164.69
1,2,1,1,1,0,0,1,158.24
2,2,1,1,1,0,0,1,159.41
3,2,1,1,1,0,0,1,144.81
0,0,2,1,1,0,0,1,253.35
1,0,2,1,1,0,0,1,249.03
2,0,2,1,1,0,0,1,263.56
3,0,2,1,1,0,0,1,251.19
0,1,2,1,1,0,0,1,138.1
1,1,2,1,1,0,0,1,138.97
2,1,2,1,1,0,0,1,138.4
3,1,2,1,1,0,0,1,138.95
0,2,2,1,1,0,0,1,158.07
1,2,2,1,1,0,0,1,150.53
2,2,2,1,1,0,0,1,157.54
3,2,2,1,1,0,0,1,138.11
0,0,0,0,2,0,0,1,343.87
1,0,0,0,2,0,0,1,370.21
2,0,0,0,2,0,0,1,351.63
3,0,0,0,2,0,0,1,344.78
0,1,0,0,2,0,0,1,189.6
1,1,0,0,2,0,0,1,182.21
2,1,0,0,2,0,0,1,189.51
3,1,0,0,2,0,0,1,193.79
0,2,0,0,2,0,0,1,255.97
1,2,0,0,2,0,0,1,276.05
2,2,0,0,2,0,0,1,263.07
3,2,0,0,2,0,0,1,258.19
0,0,1,0,2,0,0,1,342.1
1,0,1,0,2,0,0,1,370.21
2,0,1,0,2,0,0,1,350.89
3,0,1,0,2,0,0,1,344.04
0,1,1,0,2,0,0,1,195.12
1,1,1,0,2,0,0,1,176.97
2,1,1,0,2,0,0,1,192.46
3,1,1,0,2,0,0,1,204.15
0,2,1,0,2,0,0,1,261.67
1,2,1,0,2,0,0,1,278.63
2,2,1,0,2,0,0,1,269.36
3,2,1,0,2,0,0,1,267.74
0,0,2,0,2,0,0,1,343.53
1,0,2,0,2,0,0,1,370.09
2,0,2,0,2,0,0,1,351.5
3,0,2,0,2,0,0,1,345.96
0,1,2,0,2,0,0,1,180.06
1,1,2,0,2,0,0,1,176.47
2,1,2,0,2,0,0,1,181.11
3,1,2,0,2,0,0,1,181.15
0,2,2,0,2,0,0,1,257.21
1,2,2,0,2,0,0,1,279.37
2,2,2,0,2,0,0,1,264.69
3,2,2,0,2,0,0,1,259.27
0,0,0,1,2,0,0,1,244.36
1,0,0,1,2,0,0,1,241.68
2,0,0,1,2,0,0,1,251.08
3,0,0,1,2,0,0,1,243.56
0,1,0,1,2,0,0,1,132.82
1,1,0,1,2,0,0,1,137.82
2,1,0,1,2,0,0,1,135.75
3,1,0,1,2,0,0,1,138.91
0,2,0,1,2,0,0,1,125.95
1,2,0,1,2,0,0,1,131.16
2,2,0,1,2,0,0,1,149.87
3,2,0,1,2,0,0,1,128.64
0,0,1,1,2,0,0,1,235.44
1,0,1,1,2,0,0,1,237.66
2,0,1,1,2,0,0,1,243.31
3,0,1,1,2,0,0,1,235.15
0,1,1,1,2,0,0,1,132.25
1,1,1,1,2,0,0,1,138.03
2,1,1,1,2,0,0,1,136
3,1,1,1,2,0,0,1,139.11
0,2,1,1,2,0,0,1,122.35
1,2,1,1,2,0,0,1,147.58
2,2,1,1,2,0,0,1,145.92
3,2,1,1,2,0,0,1,121.49
0,0,2,1,2,0,0,1,251.73
1,0,2,1,2,0,0,1,246.73
2,0,2,1,2,0,0,1,260.31
3,0,2,1,2,0,0,1,248.88
0,1,2,1,2,0,0,1,132.49
1,1,2,1,2,0,0,1,136.82
2,1,2,1,2,0,0,1,134.72
3,1,2,1,2,0,0,1,138.16
0,2,2,1,2,0,0,1,136.33
1,2,2,1,2,0,0,1,138.39
2,2,2,1,2,0,0,1,162.27
3,2,2,1,2,0,0,1,142.83
0,0,0,0,0,1,0,1,418.48
1,0,0,0,0,1,0,1,418.65
2,0,0,0,0,1,0,1,418.98
3,0,0,0,0,1,0,1,420.02
0,1,0,0,0,1,0,1,177.91
1,1,0,0,0,1,0,1,164.58
2,1,0,0,0,1,0,1,171.46
3,1,0,0,0,1,0,1,171.22
0,2,0,0,0,1,0,1,382.26
1,2,0,0,0,1,0,1,380.4
2,2,0,0,0,1,0,1,381.94
3,2,0,0,0,1,0,1,384.02
0,0,1,0,0,1,0,1,416.52
1,0,1,0,0,1,0,1,416.85
2,0,1,0,0,1,0,1,417.18
3,0,1,0,0,1,0,1,416.71
0,1,1,0,0,1,0,1,203.43
1,1,1,0,0,1,0,1,174.47
2,1,1,0,0,1,0,1,189.62
3,1,1,0,0,1,0,1,194.52
0,2,1,0,0,1,0,1,378.08
1,2,1,0,0,1,0,1,375.03
2,2,1,0,0,1,0,1,380.54
3,2,1,0,0,1,0,1,380.04
0,0,2,0,0,1,0,1,419.02
1,0,2,0,0,1,0,1,419.86
2,0,2,0,0,1,0,1,419.99
3,0,2,0,0,1,0,1,420.93
0,1,2,0,0,1,0,1,154.47
1,1,2,0,0,1,0,1,149.14
2,1,2,0,0,1,0,1,155.31
3,1,2,0,0,1,0,1,153.48
0,2,2,0,0,1,0,1,383.66
1,2,2,0,0,1,0,1,382.56
2,2,2,0,0,1,0,1,383.9
3,2,2,0,0,1,0,1,385.79
0,0,0,1,0,1,0,1,153.53
1,0,0,1,0,1,0,1,155.19
2,0,0,1,0,1,0,1,171.92
3,0,0,1,0,1,0,1,156.72
0,1,0,1,0,1,0,1,96.998
1,1,0,1,0,1,0,1,109.53
2,1,0,1,0,1,0,1,121.48
3,1,0,1,0,1,0,1,111.47
0,2,0,1,0,1,0,1,147.14
1,2,0,1,0,1,0,1,134.39
2,2,0,1,0,1,0,1,148.08
3,2,0,1,0,1,0,1,128.5
0,0,1,1,0,1,0,1,184.11
1,0,1,1,0,1,0,1,189.5
2,0,1,1,0,1,0,1,204.74
3,0,1,1,0,1,0,1,194.74
0,1,1,1,0,1,0,1,86.822
1,1,1,1,0,1,0,1,105.24
2,1,1,1,0,1,0,1,117.86
3,1,1,1,0,1,0,1,97.872
0,2,1,1,0,1,0,1,180.28
1,2,1,1,0,1,0,1,163.03
2,2,1,1,0,1,0,1,167.25
3,2,1,1,0,1,0,1,162.37
0,0,2,1,0,1,0,1,188.3
1,0,2,1,0,1,0,1,192.11
2,0,2,1,0,1,0,1,206.63
3,0,2,1,0,1,0,1,200.95
0,1,2,1,0,1,0,1,55.806
1,1,2,1,0,1,0,1,94.958
2,1,2,1,0,1,0,1,125.35
3,1,2,1,0,1,0,1,112.49
0,2,2,1,0,1,0,1,147.13
1,2,2,1,0,1,0,1,140.28
2,2,2,1,0,1,0,1,155.43
3,2,2,1,0,1,0,1,133.72
0,0,0,0,1,1,0,1,424.51
1,0,0,0,1,1,0,1,427.95
2,0,0,0,1,1,0,1,428.13
3,0,0,0,1,1,0,1,431.74
0,1,0,0,1,1,0,1,199.06
1,1,0,0,1,1,0,1,190.04
2,1,0,0,1,1,0,1,194.32
3,1,0,0,1,1,0,1,193.91
0,2,0,0,1,1,0,1,383.6
1,2,0,0,1,1,0,1,383.55
2,2,0,0,1,1,0,1,384.8
3,2,0,0,1,1,0,1,386.82
0,0,1,0,1,1,0,1,420.28
1,0,1,0,1,1,0,1,425.24
2,0,1,0,1,1,0,1,425.42
3,0,1,0,1,1,0,1,428.28
0,1,1,0,1,1,0,1,208.31
1,1,1,0,1,1,0,1,190.71
2,1,1,0,1,1,0,1,199.84
3,1,1,0,1,1,0,1,203.55
0,2,1,0,1,1,0,1,378.34
1,2,1,0,1,1,0,1,377.6
2,2,1,0,1,1,0,1,382.1
3,2,1,0,1,1,0,1,382.77
0,0,2,0,1,1,0,1,425.16
1,0,2,0,1,1,0,1,429.28
2,0,2,0,1,1,0,1,429.46
3,0,2,0,1,1,0,1,433.02
0,1,2,0,1,1,0,1,184.36
1,1,2,0,1,1,0,1,178.3
2,1,2,0,1,1,0,1,181.97
3,1,2,0,1,1,0,1,182.07
0,2,2,0,1,1,0,1,386.25
1,2,2,0,1,1,0,1,387.01
2,2,2,0,1,1,0,1,388.26
3,2,2,0,1,1,0,1,389.89
0,0,0,1,1,1,0,1,233.33
1,0,0,1,1,1,0,1,221.32
2,0,0,1,1,1,0,1,257.33
3,0,0,1,1,1,0,1,233.6
0,1,0,1,1,1,0,1,104.75
1,1,0,1,1,1,0,1,104.05
2,1,0,1,1,1,0,1,141.96
3,1,0,1,1,1,0,1,112.77
0,2,0,1,1,1,0,1,222.01
1,2,0,1,1,1,0,1,219.28
2,2,0,1,1,1,0,1,264.19
3,2,0,1,1,1,0,1,225.32
0,0,1,1,1,1,0,1,235.94
1,0,1,1,1,1,0,1,221.22
2,0,1,1,1,1,0,1,244.34
3,0,1,1,1,1,0,1,233.72
0,1,1,1,1,1,0,1,108.95
1,1,1,1,1,1,0,1,105.96
2,1,1,1,1,1,0,1,145.74
3,1,1,1,1,1,0,1,110.62
0,2,1,1,1,1,0,1,212.36
1,2,1,1,1,1,0,1,206.75
2,2,1,1,1,1,0,1,238.09
3,2,1,1,1,1,0,1,213.07
0,0,2,1,1,1,0,1,236.73
1,0,2,1,1,1,0,1,222.29
2,0,2,1,1,1,0,1,253.74
3,0,2,1,1,1,0,1,235.32
0,1,2,1,1,1,0,1,98.538
1,1,2,1,1,1,0,1,99.901
2,1,2,1,1,1,0,1,139.13
3,1,2,1,1,1,0,1,114.59
0,2,2,1,1,1,0,1,206.86
1,2,2,1,1,1,0,1,203.33
2,2,2,1,1,1,0,1,241.89
3,2,2,1,1,1,0,1,208.36
0,0,0,0,2,1,0,1,427.06
1,0,0,0,2,1,0,1,428.17
2,0,0,0,2,1,0,1,428.08
3,0,0,0,2,1,0,1,429.43
0,1,0,0,2,1,0,1,205.33
1,1,0,0,2,1,0,1,197.21
2,1,0,0,2,1,0,1,203.67
3,1,0,0,2,1,0,1,204.64
0,2,0,0,2,1,0,1,384.43
1,2,0,0,2,1,0,1,384.21
2,2,0,0,2,1,0,1,385.46
3,2,0,0,2,1,0,1,388.03
0,0,1,0,2,1,0,1,424.2
1,0,1,0,2,1,0,1,425.22
2,0,1,0,2,1,0,1,425.55
3,0,1,0,2,1,0,1,425.16
0,1,1,0,2,1,0,1,213.78
1,1,1,0,2,1,0,1,195.17
2,1,1,0,2,1,0,1,207.41
3,1,1,0,2,1,0,1,214.83
0,2,1,0,2,1,0,1,378.69
1,2,1,0,2,1,0,1,376.41
2,2,1,0,2,1,0,1,380.91
3,2,1,0,2,1,0,1,381.28
0,0,2,0,2,1,0,1,427.33
1,0,2,0,2,1,0,1,428.87
2,0,2,0,2,1,0,1,428.77
3,0,2,0,2,1,0,1,429.74
0,1,2,0,2,1,0,1,195.79
1,1,2,0,2,1,0,1,189.2
2,1,2,0,2,1,0,1,192.53
3,1,2,0,2,1,0,1,190.57
0,2,2,0,2,1,0,1,386.57
1,2,2,0,2,1,0,1,386.35
2,2,2,0,2,1,0,1,387.6
3,2,2,0,2,1,0,1,389.7
0,0,0,1,2,1,0,1,224.71
1,0,0,1,2,1,0,1,222.88
2,0,0,1,2,1,0,1,249.39
3,0,0,1,2,1,0,1,234.05
0,1,0,1,2,1,0,1,99.712
1,1,0,1,2,1,0,1,108.64
2,1,0,1,2,1,0,1,106.04
3,1,0,1,2,1,0,1,104.22
0,2,0,1,2,1,0,1,202.02
1,2,0,1,2,1,0,1,204.84
2,2,0,1,2,1,0,1,241.14
3,2,0,1,2,1,0,1,210.88
0,0,1,1,2,1,0,1,225.03
1,0,1,1,2,1,0,1,222.08
2,0,1,1,2,1,0,1,236.99
3,0,1,1,2,1,0,1,232.88
0,1,1,1,2,1,0,1,100.11
1,1,1,1,2,1,0,1,109.85
2,1,1,1,2,1,0,1,111.71
3,1,1,1,2,1,0,1,100.77
0,2,1,1,2,1,0,1,197.61
1,2,1,1,2,1,0,1,200.88
2,2,1,1,2,1,0,1,224.4
3,2,1,1,2,1,0,1,203.26
0,0,2,1,2,1,0,1,226.5
1,0,2,1,2,1,0,1,223.25
2,0,2,1,2,1,0,1,246.16
3,0,2,1,2,1,0,1,233.14
0,1,2,1,2,1,0,1,91.248
1,1,2,1,2,1,0,1,104.45
2,1,2,1,2,1,0,1,100.49
3,1,2,1,2,1,0,1,107.91
0,2,2,1,2,1,0,1,192.63
1,2,2,1,2,1,0,1,195.6
2,2,2,1,2,1,0,1,227.73
3,2,2,1,2,1,0,1,199.48
0,0,0,0,0,2,0,1,259.19
1,0,0,0,0,2,0,1,284.65
2,0,0,0,0,2,0,1,266.69
3,0,0,0,0,2,0,1,260.32
0,1,0,0,0,2,0,1,143.52
1,1,0,0,0,2,0,1,125.45
2,1,0,0,0,2,0,1,132.44
3,1,0,0,0,2,0,1,120.86
0,2,0,0,0,2,0,1,226.09
1,2,0,0,0,2,0,1,244.47
2,2,0,0,0,2,0,1,233.58
3,2,0,0,0,2,0,1,223.68
0,0,1,0,0,2,0,1,237.52
1,0,1,0,0,2,0,1,271.02
2,0,1,0,0,2,0,1,244.5
3,0,1,0,0,2,0,1,238.27
0,1,1,0,0,2,0,1,185.02
1,1,1,0,0,2,0,1,148.56
2,1,1,0,0,2,0,1,163.92
3,1,1,0,0,2,0,1,157.39
0,2,1,0,0,2,0,1,222.82
1,2,1,0,0,2,0,1,241.09
2,2,1,0,0,2,0,1,236.52
3,2,1,0,0,2,0,1,227.86
0,0,2,0,0,2,0,1,284.9
1,0,2,0,0,2,0,1,305.48
2,0,2,0,0,2,0,1,291.96
3,0,2,0,0,2,0,1,288.72
0,1,2,0,0,2,0,1,97.207
1,1,2,0,0,2,0,1,87.08
2,1,2,0,0,2,0,1,95.308
3,1,2,0,0,2,0,1,84.135
0,2,2,0,0,2,0,1,227.13
1,2,2,0,0,2,0,1,247.3
2,2,2,0,0,2,0,1,237.63
3,2,2,0,0,2,0,1,227.39
0,0,0,1,0,2,0,1,171.5
1,0,0,1,0,2,0,1,155.78
2,0,0,1,0,2,0,1,163.77
3,0,0,1,0,2,0,1,153.84
0,1,0,1,0,2,0,1,97.636
1,1,0,1,0,2,0,1,109.52
2,1,0,1,0,2,0,1,98.815
3,1,0,1,0,2,0,1,107.17
0,2,0,1,0,2,0,1,91.598
1,2,0,1,0,2,0,1,89.588
2,2,0,1,0,2,0,1,110.99
3,2,0,1,0,2,0,1,100.72
0,0,1,1,0,2,0,1,170.2
1,0,1,1,0,2,0,1,148.53
2,0,1,1,0,2,0,1,154.48
3,0,1,1,0,2,0,1,145.03
0,1,1,1,0,2,0,1,75.168
1,1,1,1,0,2,0,1,99.606
2,1,1,1,0,2,0,1,102.49
3,1,1,1,0,2,0,1,85.059
0,2,1,1,0,2,0,1,92.753
1,2,1,1,0,2,0,1,115.13
2,2,1,1,0,2,0,1,116.34
3,2,1,1,0,2,0,1,117.41
0,0,2,1,0,2,0,1,176.66
1,0,2,1,0,2,0,1,165.56
2,0,2,1,0,2,0,1,174.66
3,0,2,1,0,2,0,1,173.31
0,1,2,1,0,2,0,1,54.903
1,1,2,1,0,2,0,1,94.441
2,1,2,1,0,2,0,1,108.38
3,1,2,1,0,2,0,1,109.85
0,2,2,1,0,2,0,1,67.289
1,2,2,1,0,2,0,1,86.213
2,2,2,1,0,2,0,1,110.24
3,2,2,1,0,2,0,1,100.34
0,0,0,0,1,2,0,1,296.82
1,0,0,0,1,2,0,1,322.46
2,0,0,0,1,2,0,1,302.24
3,0,0,0,1,2,0,1,295.41
0,1,0,0,1,2,0,1,175.66
1,1,0,0,1,2,0,1,162.36
2,1,0,0,1,2,0,1,167.4
3,1,0,0,1,2,0,1,163.13
0,2,0,0,1,2,0,1,242.51
1,2,0,0,1,2,0,1,260.84
2,2,0,0,1,2,0,1,247.77
3,2,0,0,1,2,0,1,240.39
0,0,1,0,1,2,0,1,284.53
1,0,1,0,1,2,0,1,313.41
2,0,1,0,1,2,0,1,290.99
3,0,1,0,1,2,0,1,283.91
0,1,1,0,1,2,0,1,193.48
1,1,1,0,1,2,0,1,170.08
2,1,1,0,1,2,0,1,181.25
3,1,1,0,1,2,0,1,180.47
0,2,1,0,1,2,0,1,242.81
1,2,1,0,1,2,0,1,258.96
2,2,1,0,1,2,0,1,251.08
3,2,1,0,1,2,0,1,244.83
0,0,2,0,1,2,0,1,313.01
1,0,2,0,1,2,0,1,335.83
2,0,2,0,1,2,0,1,317.94
3,0,2,0,1,2,0,1,310.9
0,1,2,0,1,2,0,1,150.47
1,1,2,0,1,2,0,1,140.81
2,1,2,0,1,2,0,1,144.83
3,1,2,0,1,2,0,1,140.81
0,2,2,0,1,2,0,1,247.19
1,2,2,0,1,2,0,1,266.55
2,2,2,0,1,2,0,1,253.27
3,2,2,0,1,2,0,1,243.23
0,0,0,1,1,2,0,1,167.41
1,0,0,1,1,2,0,1,154.41
2,0,0,1,1,2,0,1,175.53
3,0,0,1,1,2,0,1,166.1
0,1,0,1,1,2,0,1,128.89
1,1,0,1,1,2,0,1,135.02
2,1,0,1,1,2,0,1,133.32
3,1,0,1,1,2,0,1,132
0,2,0,1,1,2,0,1,142.84
1,2,0,1,1,2,0,1,137.06
2,2,0,1,1,2,0,1,151.03
3,2,0,1,1,2,0,1,136.94
0,0,1,1,1,2,0,1,163.29
1,0,1,1,1,2,0,1,147.04
2,0,1,1,1,2,0,1,171.51
3,0,1,1,1,2,0,1,161.17
0,1,1,1,1,2,0,1,128.88
1,1,1,1,1,2,0,1,135.11
2,1,1,1,1,2,0,1,131.96
3,1,1,1,1,2,0,1,131.37
0,2,1,1,1,2,0,1,142.66
1,2,1,1,1,2,0,1,135.87
2,2,1,1,1,2,0,1,145.82
3,2,1,1,1,2,0,1,135.35
0,0,2,1,1,2,0,1,165.05
1,0,2,1,1,2,0,1,154.49
2,0,2,1,1,2,0,1,175.11
3,0,2,1,1,2,0,1,165.01
0,1,2,1,1,2,0,1,127.98
1,1,2,1,1,2,0,1,134.37
2,1,2,1,1,2,0,1,133.38
3,1,2,1,1,2,0,1,133.11
0,2,2,1,1,2,0,1,140.51
1,2,2,1,1,2,0,1,134.35
2,2,2,1,1,2,0,1,148.29
3,2,2,1,1,2,0,1,132.54
0,0,0,0,2,2,0,1,335.22
1,0,0,0,2,2,0,1,367.68
2,0,0,0,2,2,0,1,343.34
3,0,0,0,2,2,0,1,326.15
0,1,0,0,2,2,0,1,185.36
1,1,0,0,2,2,0,1,173.22
2,1,0,0,2,2,0,1,179.18
3,1,0,0,2,2,0,1,180.14
0,2,0,0,2,2,0,1,253.09
1,2,0,0,2,2,0,1,278.07
2,2,0,0,2,2,0,1,265.04
3,2,0,0,2,2,0,1,252.93
0,0,1,0,2,2,0,1,333.8
1,0,1,0,2,2,0,1,367.68
2,0,1,0,2,2,0,1,342.95
3,0,1,0,2,2,0,1,326.17
0,1,1,0,2,2,0,1,199.42
1,1,1,0,2,2,0,1,172.02
2,1,1,0,2,2,0,1,185.8
3,1,1,0,2,2,0,1,197.25
0,2,1,0,2,2,0,1,259
1,2,1,0,2,2,0,1,279.43
2,2,1,0,2,2,0,1,270.72
3,2,1,0,2,2,0,1,260.05
0,0,2,0,2,2,0,1,335.5
1,0,2,0,2,2,0,1,367.68
2,0,2,0,2,2,0,1,346.02
3,0,2,0,2,2,0,1,330.91
0,1,2,0,2,2,0,1,172.11
1,1,2,0,2,2,0,1,155.66
2,1,2,0,2,2,0,1,165
3,1,2,0,2,2,0,1,160.51
0,2,2,0,2,2,0,1,253.25
1,2,2,0,2,2,0,1,279.27
2,2,2,0,2,2,0,1,266.79
3,2,2,0,2,2,0,1,254.7
0,0,0,1,2,2,0,1,175.22
1,0,0,1,2,2,0,1,168.24
2,0,0,1,2,2,0,1,179.75
3,0,0,1,2,2,0,1,173.87
0,1,0,1,2,2,0,1,94.711
1,1,0,1,2,2,0,1,115.26
2,1,0,1,2,2,0,1,109.12
3,1,0,1,2,2,0,1,109.92
0,2,0,1,2,2,0,1,133.08
1,2,0,1,2,2,0,1,119.7
2,2,0,1,2,2,0,1,150.45
3,2,0,1,2,2,0,1,134
0,0,1,1,2,2,0,1,175.43
1,0,1,1,2,2,0,1,167.73
2,0,1,1,2,2,0,1,181.75
3,0,1,1,2,2,0,1,177.57
0,1,1,1,2,2,0,1,91.99
1,1,1,1,2,2,0,1,112.61
2,1,1,1,2,2,0,1,105.84
3,1,1,1,2,2,0,1,105.13
0,2,1,1,2,2,0,1,132.89
1,2,1,1,2,2,0,1,129.1
2,2,1,1,2,2,0,1,143.08
3,2,1,1,2,2,0,1,137.5
0,0,2,1,2,2,0,1,177.19
1,0,2,1,2,2,0,1,169.97
2,0,2,1,2,2,0,1,181.46
3,0,2,1,2,2,0,1,174.56
0,1,2,1,2,2,0,1,95.35
1,1,2,1,2,2,0,1,116.92
2,1,2,1,2,2,0,1,111.46
3,1,2,1,2,2,0,1,115
0,2,2,1,2,2,0,1,135.62
1,2,2,1,2,2,0,1,120.22
2,2,2,1,2,2,0,1,157.31
3,2,2,1,2,2,0,1,135.68
0,0,0,0,0,0,1,1,625.37
1,0,0,0,0,0,1,1,613.85
2,0,0,0,0,0,1,1,607.17
3,0,0,0,0,0,1,1,595
0,1,0,0,0,0,1,1,330.22
1,1,0,0,0,0,1,1,386.51
2,1,0,0,0,0,1,1,362.28
3,1,0,0,0,0,1,1,371.04
0,2,0,0,0,0,1,1,400.86
1,2,0,0,0,0,1,1,413.93
2,2,0,0,0,0,1,1,443.42
3,2,0,0,0,0,1,1,396.01
0,0,1,0,0,0,1,1,622.67
1,0,1,0,0,0,1,1,594.44
2,0,1,0,0,0,1,1,586.7
3,0,1,0,0,0,1,1,567.96
0,1,1,0,0,0,1,1,271.19
1,1,1,0,0,0,1,1,421.64
2,1,1,0,0,0,1,1,352.5
3,1,1,0,0,0,1,1,324.47
0,2,1,0,0,0,1,1,428.71
1,2,1,0,0,0,1,1,408.46
2,2,1,0,0,0,1,1,431.05
3,2,1,0,0,0,1,1,376.91
0,0,2,0,0,0,1,1,632.73
1,0,2,0,0,0,1,1,636.36
2,0,2,0,0,0,1,1,634.14
3,0,2,0,0,0,1,1,627.62
0,1,2,0,0,0,1,1,362.87
1,1,2,0,0,0,1,1,363.96
2,1,2,0,0,0,1,1,379
3,1,2,0,0,0,1,1,408.06
0,2,2,0,0,0,1,1,470.79
1,2,2,0,0,0,1,1,425.13
2,2,2,0,0,0,1,1,480.18
3,2,2,0,0,0,1,1,420.11
0,0,0,1,0,0,1,1,218.74
1,0,0,1,0,0,1,1,231.52
2,0,0,1,0,0,1,1,250.76
3,0,0,1,0,0,1,1,225.27
0,1,0,1,0,0,1,1,83.85
1,1,0,1,0,0,1,1,94.8
2,1,0,1,0,0,1,1,112.78
3,1,0,1,0,0,1,1,105.1
0,2,0,1,0,0,1,1,164.26
1,2,0,1,0,0,1,1,163.82
2,2,0,1,0,0,1,1,184.37
3,2,0,1,0,0,1,1,149.28
0,0,1,1,0,0,1,1,220.17
1,0,1,1,0,0,1,1,240.28
2,0,1,1,0,0,1,1,243.33
3,0,1,1,0,0,1,1,227.02
0,1,1,1,0,0,1,1,74.547
1,1,1,1,0,0,1,1,92.952
2,1,1,1,0,0,1,1,137.29
3,1,1,1,0,0,1,1,105.38
0,2,1,1,0,0,1,1,208.51
1,2,1,1,0,0,1,1,218.89
2,2,1,1,0,0,1,1,246.96
3,2,1,1,0,0,1,1,221.82
0,0,2,1,0,0,1,1,230.63
1,0,2,1,0,0,1,1,245.33
2,0,2,1,0,0,1,1,279.78
3,0,2,1,0,0,1,1,229.87
0,1,2,1,0,0,1,1,69.342
1,1,2,1,0,0,1,1,73.709
2,1,2,1,0,0,1,1,124.01
3,1,2,1,0,0,1,1,79.125
0,2,2,1,0,0,1,1,143.18
1,2,2,1,0,0,1,1,145.78
2,2,2,1,0,0,1,1,168.4
3,2,2,1,0,0,1,1,137.45
0,0,0,0,1,0,1,1,667.48
1,0,0,0,1,0,1,1,660.05
2,0,0,0,1,0,1,1,663.76
3,0,0,0,1,0,1,1,658.58
0,1,0,0,1,0,1,1,324.05
1,1,0,0,1,0,1,1,371.83
2,1,0,0,1,0,1,1,354.69
3,1,0,0,1,0,1,1,372.13
0,2,0,0,1,0,1,1,471.84
1,2,0,0,1,0,1,1,417.31
2,2,0,0,1,0,1,1,469.37
3,2,0,0,1,0,1,1,442.08
0,0,1,0,1,0,1,1,665.62
1,0,1,0,1,0,1,1,652.93
2,0,1,0,1,0,1,1,655.57
3,0,1,0,1,0,1,1,647.98
0,1,1,0,1,0,1,1,298.48
1,1,1,0,1,0,1,1,395.39
2,1,1,0,1,0,1,1,354.5
3,1,1,0,1,0,1,1,361.07
0,2,1,0,1,0,1,1,481.13
1,2,1,0,1,0,1,1,418.33
2,2,1,0,1,0,1,1,461.74
3,2,1,0,1,0,1,1,432.43
0,0,2,0,1,0,1,1,668.63
1,0,2,0,1,0,1,1,670.32
2,0,2,0,1,0,1,1,674.39
3,0,2,0,1,0,1,1,669.22
0,1,2,0,1,0,1,1,336.3
1,1,2,0,1,0,1,1,360.87
2,1,2,0,1,0,1,1,363.23
3,1,2,0,1,0,1,1,386.97
0,2,2,0,1,0,1,1,471.51
1,2,2,0,1,0,1,1,431.09
2,2,2,0,1,0,1,1,487.98
3,2,2,0,1,0,1,1,458.16
0,0,0,1,1,0,1,1,269.63
1,0,0,1,1,0,1,1,305.41
2,0,0,1,1,0,1,1,298.11
3,0,0,1,1,0,1,1,283.6
0,1,0,1,1,0,1,1,125.86
1,1,0,1,1,0,1,1,122
2,1,0,1,1,0,1,1,134.12
3,1,0,1,1,0,1,1,139.54
0,2,0,1,1,0,1,1,197.67
1,2,0,1,1,0,1,1,214.57
2,2,0,1,1,0,1,1,227.13
3,2,0,1,1,0,1,1,195.13
0,0,1,1,1,0,1,1,271.5
1,0,1,1,1,0,1,1,309.47
2,0,1,1,1,0,1,1,300.66
3,0,1,1,1,0,1,1,286.79
0,1,1,1,1,0,1,1,147.03
1,1,1,1,1,0,1,1,139.68
2,1,1,1,1,0,1,1,156.74
3,1,1,1,1,0,1,1,171.19
0,2,1,1,1,0,1,1,229.7
1,2,1,1,1,0,1,1,262.28
2,2,1,1,1,0,1,1,281.04
3,2,1,1,1,0,1,1,250.35
0,0,2,1,1,0,1,1,270.88
1,0,2,1,1,0,1,1,307.54
2,0,2,1,1,0,1,1,302.6
3,0,2,1,1,0,1,1,283.75
0,1,2,1,1,0,1,1,115.26
1,1,2,1,1,0,1,1,131.42
2,1,2,1,1,0,1,1,131.09
3,1,2,1,1,0,1,1,125.68
0,2,2,1,1,0,1,1,181.14
1,2,2,1,1,0,1,1,201.84
2,2,2,1,1,0,1,1,212.28
3,2,2,1,1,0,1,1,184.76
0,0,0,0,2,0,1,1,689.84
1,0,0,0,2,0,1,1,688.52
2,0,0,0,2,0,1,1,693.31
3,0,0,0,2,0,1,1,690.79
0,1,0,0,2,0,1,1,325.69
1,1,0,0,2,0,1,1,382.14
2,1,0,0,2,0,1,1,360.37
3,1,0,0,2,0,1,1,379.25
0,2,0,0,2,0,1,1,474.94
1,2,0,0,2,0,1,1,422.26
2,2,0,0,2,0,1,1,477.93
3,2,0,0,2,0,1,1,444.93
0,0,1,0,2,0,1,1,687.83
1,0,1,0,2,0,1,1,686.5
2,0,1,0,2,0,1,1,691.3
3,0,1,0,2,0,1,1,688.78
0,1,1,0,2,0,1,1,303.25
1,1,1,0,2,0,1,1,406.62
2,1,1,0,2,0,1,1,372.06
3,1,1,0,2,0,1,1,382.01
0,2,1,0,2,0,1,1,488.52
1,2,1,0,2,0,1,1,417.88
2,2,1,0,2,0,1,1,475.82
3,2,1,0,2,0,1,1,435.09
0,0,2,0,2,0,1,1,689.47
1,0,2,0,2,0,1,1,689.47
2,0,2,0,2,0,1,1,694.26
3,0,2,0,2,0,1,1,691.75
0,1,2,0,2,0,1,1,337.43
1,1,2,0,2,0,1,1,366.42
2,1,2,0,2,0,1,1,360.44
3,1,2,0,2,0,1,1,381.66
0,2,2,0,2,0,1,1,477.63
1,2,2,0,2,0,1,1,428.65
2,2,2,0,2,0,1,1,494.3
3,2,2,0,2,0,1,1,457.43
0,0,0,1,2,0,1,1,241.97
1,0,0,1,2,0,1,1,277.3
2,0,0,1,2,0,1,1,272.65
3,0,0,1,2,0,1,1,262.84
0,1,0,1,2,0,1,1,82.229
1,1,0,1,2,0,1,1,90.757
2,1,0,1,2,0,1,1,98.827
3,1,0,1,2,0,1,1,80.093
0,2,0,1,2,0,1,1,203.65
1,2,0,1,2,0,1,1,224.07
2,2,0,1,2,0,1,1,234.86
3,2,0,1,2,0,1,1,202.48
0,0,1,1,2,0,1,1,231.27
1,0,1,1,2,0,1,1,273.81
2,0,1,1,2,0,1,1,267.7
3,0,1,1,2,0,1,1,251.36
0,1,1,1,2,0,1,1,89.285
1,1,1,1,2,0,1,1,99.345
2,1,1,1,2,0,1,1,106.61
3,1,1,1,2,0,1,1,116.31
0,2,1,1,2,0,1,1,239.35
1,2,1,1,2,0,1,1,276.6
2,2,1,1,2,0,1,1,298.18
3,2,1,1,2,0,1,1,268.93
0,0,2,1,2,0,1,1,250.14
1,0,2,1,2,0,1,1,285.49
2,0,2,1,2,0,1,1,285.21
3,0,2,1,2,0,1,1,269.03
0,1,2,1,2,0,1,1,93.876
1,1,2,1,2,0,1,1,110.98
2,1,2,1,2,0,1,1,122.12
3,1,2,1,2,0,1,1,97.872
0,2,2,1,2,0,1,1,183.5
1,2,2,1,2,0,1,1,207.32
2,2,2,1,2,0,1,1,214.44
3,2,2,1,2,0,1,1,186.91
0,0,0,0,0,1,1,1,689.3
1,0,0,0,0,1,1,1,699.96
2,0,0,0,0,1,1,1,697.7
3,0,0,0,0,1,1,1,684.31
0,1,0,0,0,1,1,1,303.63
1,1,0,0,0,1,1,1,348.73
2,1,0,0,0,1,1,1,341.84
3,1,0,0,0,1,1,1,342.38
0,2,0,0,0,1,1,1,461.98
1,2,0,0,0,1,1,1,472.94
2,2,0,0,0,1,1,1,496.11
3,2,0,0,0,1,1,1,470.03
0,0,1,0,0,1,1,1,689.15
1,0,1,0,0,1,1,1,696.27
2,0,1,0,0,1,1,1,692.55
3,0,1,0,0,1,1,1,675.45
0,1,1,0,0,1,1,1,301.41
1,1,1,0,0,1,1,1,410.87
2,1,1,0,0,1,1,1,369.39
3,1,1,0,0,1,1,1,356.34
0,2,1,0,0,1,1,1,472.6
1,2,1,0,0,1,1,1,468.13
2,2,1,0,0,1,1,1,488.39
3,2,1,0,0,1,1,1,459.67
0,0,2,0,0,1,1,1,693.27
1,0,2,0,0,1,1,1,706.32
2,0,2,0,0,1,1,1,708.22
3,0,2,0,0,1,1,1,697.33
0,1,2,0,0,1,1,1,322.4
1,1,2,0,0,1,1,1,318.24
2,1,2,0,0,1,1,1,344.75
3,1,2,0,0,1,1,1,353.73
0,2,2,0,0,1,1,1,495.06
1,2,2,0,0,1,1,1,466.5
2,2,2,0,0,1,1,1,516.89
3,2,2,0,0,1,1,1,466.97
0,0,0,1,0,1,1,1,216.97
1,0,0,1,0,1,1,1,223.69
2,0,0,1,0,1,1,1,237.93
3,0,0,1,0,1,1,1,223.86
0,1,0,1,0,1,1,1,159.7
1,1,0,1,0,1,1,1,147.26
2,1,0,1,0,1,1,1,150.48
3,1,0,1,0,1,1,1,123.76
0,2,0,1,0,1,1,1,177.76
1,2,0,1,0,1,1,1,178.07
2,2,0,1,0,1,1,1,191.98
3,2,0,1,0,1,1,1,164.98
0,0,1,1,0,1,1,1,225.14
1,0,1,1,0,1,1,1,234.87
2,0,1,1,0,1,1,1,240.17
3,0,1,1,0,1,1,1,230.53
0,1,1,1,0,1,1,1,136.75
1,1,1,1,0,1,1,1,123.41
2,1,1,1,0,1,1,1,164.91
3,1,1,1,0,1,1,1,102.2
0,2,1,1,0,1,1,1,243.66
1,2,1,1,0,1,1,1,247.54
2,2,1,1,0,1,1,1,266.86
3,2,1,1,0,1,1,1,243.32
0,0,2,1,0,1,1,1,226.89
1,0,2,1,0,1,1,1,235.04
2,0,2,1,0,1,1,1,264.64
3,0,2,1,0,1,1,1,225.89
0,1,2,1,0,1,1,1,89.038
1,1,2,1,0,1,1,1,94.676
2,1,2,1,0,1,1,1,126.71
3,1,2,1,0,1,1,1,76.049
0,2,2,1,0,1,1,1,143.78
1,2,2,1,0,1,1,1,149.68
2,2,2,1,0,1,1,1,164.65
3,2,2,1,0,1,1,1,143.09
0,0,0,0,1,1,1,1,758.4
1,0,0,0,1,1,1,1,751.14
2,0,0,0,1,1,1,1,758.44
3,0,0,0,1,1,1,1,744.33
0,1,0,0,1,1,1,1,305.76
1,1,0,0,1,1,1,1,337.92
2,1,0,0,1,1,1,1,338.32
3,1,0,0,1,1,1,1,342.97
0,2,0,0,1,1,1,1,520.24
1,2,0,0,1,1,1,1,485.67
2,2,0,0,1,1,1,1,528.42
3,2,0,0,1,1,1,1,504.64
0,0,1,0,1,1,1,1,758.74
1,0,1,0,1,1,1,1,750.72
2,0,1,0,1,1,1,1,756.55
3,0,1,0,1,1,1,1,741.66
0,1,1,0,1,1,1,1,300.66
1,1,1,0,1,1,1,1,373.63
2,1,1,0,1,1,1,1,355.88
3,1,1,0,1,1,1,1,351.29
0,2,1,0,1,1,1,1,530.48
1,2,1,0,1,1,1,1,488.02
2,2,1,0,1,1,1,1,525.22
3,2,1,0,1,1,1,1,501.17
0,0,2,0,1,1,1,1,761.36
1,0,2,0,1,1,1,1,753.35
2,0,2,0,1,1,1,1,761.4
3,0,2,0,1,1,1,1,748.32
0,1,2,0,1,1,1,1,306.34
1,1,2,0,1,1,1,1,315.53
2,1,2,0,1,1,1,1,329.51
3,1,2,0,1,1,1,1,341.63
0,2,2,0,1,1,1,1,516.07
1,2,2,0,1,1,1,1,482.31
2,2,2,0,1,1,1,1,530.21
3,2,2,0,1,1,1,1,500.84
0,0,0,1,1,1,1,1,250.35
1,0,0,1,1,1,1,1,280.14
2,0,0,1,1,1,1,1,270.85
3,0,0,1,1,1,1,1,256.06
0,1,0,1,1,1,1,1,138.8
1,1,0,1,1,1,1,1,132.6
2,1,0,1,1,1,1,1,141.92
3,1,0,1,1,1,1,1,136.69
0,2,0,1,1,1,1,1,185.88
1,2,0,1,1,1,1,1,198.56
2,2,0,1,1,1,1,1,207.85
3,2,0,1,1,1,1,1,183.51
0,0,1,1,1,1,1,1,257.4
1,0,1,1,1,1,1,1,285.86
2,0,1,1,1,1,1,1,276.82
3,0,1,1,1,1,1,1,263.52
0,1,1,1,1,1,1,1,142.74
1,1,1,1,1,1,1,1,129.56
2,1,1,1,1,1,1,1,148.78
3,1,1,1,1,1,1,1,140.93
0,2,1,1,1,1,1,1,226.79
1,2,1,1,1,1,1,1,247.02
2,2,1,1,1,1,1,1,261.52
3,2,1,1,1,1,1,1,237.76
0,0,2,1,1,1,1,1,251.81
1,0,2,1,1,1,1,1,282.7
2,0,2,1,1,1,1,1,275.52
3,0,2,1,1,1,1,1,260.13
0,1,2,1,1,1,1,1,133.69
1,1,2,1,1,1,1,1,142.55
2,1,2,1,1,1,1,1,141.9
3,1,2,1,1,1,1,1,142.45
0,2,2,1,1,1,1,1,167.7
1,2,2,1,1,1,1,1,186.66
2,2,2,1,1,1,1,1,193.2
3,2,2,1,1,1,1,1,176.89
0,0,0,0,2,1,1,1,809.29
1,0,0,0,2,1,1,1,788.65
2,0,0,0,2,1,1,1,797.87
3,0,0,0,2,1,1,1,781.58
0,1,0,0,2,1,1,1,289.14
1,1,0,0,2,1,1,1,336.89
2,1,0,0,2,1,1,1,324.61
3,1,0,0,2,1,1,1,339.82
0,2,0,0,2,1,1,1,536.97
1,2,0,0,2,1,1,1,490.1
2,2,0,0,2,1,1,1,539.69
3,2,0,0,2,1,1,1,501.74
0,0,1,0,2,1,1,1,809.52
1,0,1,0,2,1,1,1,788.87
2,0,1,0,2,1,1,1,798.09
3,0,1,0,2,1,1,1,781.41
0,1,1,0,2,1,1,1,277.21
1,1,1,0,2,1,1,1,370.45
2,1,1,0,2,1,1,1,340.86
3,1,1,0,2,1,1,1,352.44
0,2,1,0,2,1,1,1,544.8
1,2,1,0,2,1,1,1,484.83
2,2,1,0,2,1,1,1,537.65
3,2,1,0,2,1,1,1,497.17
0,0,2,0,2,1,1,1,810.74
1,0,2,0,2,1,1,1,789.03
2,0,2,0,2,1,1,1,798.26
3,0,2,0,2,1,1,1,782.76
0,1,2,0,2,1,1,1,291.86
1,1,2,0,2,1,1,1,308.08
2,1,2,0,2,1,1,1,309.4
3,1,2,0,2,1,1,1,326.14
0,2,2,0,2,1,1,1,532.26
1,2,2,0,2,1,1,1,485.18
2,2,2,0,2,1,1,1,542.72
3,2,2,0,2,1,1,1,498.02
0,0,0,1,2,1,1,1,233.18
1,0,0,1,2,1,1,1,253.17
2,0,0,1,2,1,1,1,252.05
3,0,0,1,2,1,1,1,246.18
0,1,0,1,2,1,1,1,119.6
1,1,0,1,2,1,1,1,120.32
2,1,0,1,2,1,1,1,128.22
3,1,0,1,2,1,1,1,110.32
0,2,0,1,2,1,1,1,193.42
1,2,0,1,2,1,1,1,205.65
2,2,0,1,2,1,1,1,214.94
3,2,0,1,2,1,1,1,194.58
0,0,1,1,2,1,1,1,237.08
1,0,1,1,2,1,1,1,256.54
2,0,1,1,2,1,1,1,256.41
3,0,1,1,2,1,1,1,246.58
0,1,1,1,2,1,1,1,106.66
1,1,1,1,2,1,1,1,117.33
2,1,1,1,2,1,1,1,127.36
3,1,1,1,2,1,1,1,116.66
0,2,1,1,2,1,1,1,237.02
1,2,1,1,2,1,1,1,260.62
2,2,1,1,2,1,1,1,277.17
3,2,1,1,2,1,1,1,257.86
0,0,2,1,2,1,1,1,240.33
1,0,2,1,2,1,1,1,262.65
2,0,2,1,2,1,1,1,267.9
3,0,2,1,2,1,1,1,256.93
0,1,2,1,2,1,1,1,141.24
1,1,2,1,2,1,1,1,142.33
2,1,2,1,2,1,1,1,145.5
3,1,2,1,2,1,1,1,135.28
0,2,2,1,2,1,1,1,171.53
1,2,2,1,2,1,1,1,190.32
2,2,2,1,2,1,1,1,197.86
3,2,2,1,2,1,1,1,182.6
0,0,0,0,0,2,1,1,471
1,0,0,0,0,2,1,1,564.22
2,0,0,0,0,2,1,1,543.47
3,0,0,0,0,2,1,1,538.7
0,1,0,0,0,2,1,1,258.1
1,1,0,0,0,2,1,1,272.93
2,1,0,0,0,2,1,1,291.91
3,1,0,0,0,2,1,1,235.65
0,2,0,0,0,2,1,1,348.06
1,2,0,0,0,2,1,1,401.72
2,2,0,0,0,2,1,1,408.91
3,2,0,0,0,2,1,1,402.32
0,0,1,0,0,2,1,1,466.75
1,0,1,0,0,2,1,1,560.13
2,0,1,0,0,2,1,1,535.35
3,0,1,0,0,2,1,1,522.75
0,1,1,0,0,2,1,1,334.7
1,1,1,0,0,2,1,1,359.19
2,1,1,0,0,2,1,1,357.89
3,1,1,0,0,2,1,1,304.07
0,2,1,0,0,2,1,1,354.26
1,2,1,0,0,2,1,1,382.61
2,2,1,0,0,2,1,1,394.19
3,2,1,0,0,2,1,1,380.53
0,0,2,0,0,2,1,1,477.18
1,0,2,0,0,2,1,1,565.21
2,0,2,0,0,2,1,1,550.9
3,0,2,0,0,2,1,1,550.88
0,1,2,0,0,2,1,1,220.94
1,1,2,0,0,2,1,1,225.35
2,1,2,0,0,2,1,1,256.83
3,1,2,0,0,2,1,1,202.68
0,2,2,0,0,2,1,1,329.29
1,2,2,0,0,2,1,1,372.3
2,2,2,0,0,2,1,1,382.88
3,2,2,0,0,2,1,1,354.16
0,0,0,1,0,2,1,1,204.83
1,0,0,1,0,2,1,1,188.06
2,0,0,1,0,2,1,1,206.96
3,0,0,1,0,2,1,1,216.55
0,1,0,1,0,2,1,1,76.1
1,1,0,1,0,2,1,1,68.191
2,1,0,1,0,2,1,1,71.631
3,1,0,1,0,2,1,1,61.466
0,2,0,1,0,2,1,1,190.92
1,2,0,1,0,2,1,1,196.6
2,2,0,1,0,2,1,1,212.48
3,2,0,1,0,2,1,1,198.44
0,0,1,1,0,2,1,1,221.73
1,0,1,1,0,2,1,1,200.54
2,0,1,1,0,2,1,1,220.51
3,0,1,1,0,2,1,1,230.81
0,1,1,1,0,2,1,1,87.112
1,1,1,1,0,2,1,1,87.875
2,1,1,1,0,2,1,1,113.09
3,1,1,1,0,2,1,1,76.827
0,2,1,1,0,2,1,1,243.54
1,2,1,1,0,2,1,1,261.23
2,2,1,1,0,2,1,1,276.66
3,2,1,1,0,2,1,1,265.78
0,0,2,1,0,2,1,1,200.67
1,0,2,1,0,2,1,1,182.77
2,0,2,1,0,2,1,1,207.12
3,0,2,1,0,2,1,1,217.26
0,1,2,1,0,2,1,1,64.181
1,1,2,1,0,2,1,1,73.042
2,1,2,1,0,2,1,1,93.93
3,1,2,1,0,2,1,1,70.397
0,2,2,1,0,2,1,1,147.25
1,2,2,1,0,2,1,1,147.27
2,2,2,1,0,2,1,1,171.94
3,2,2,1,0,2,1,1,169.83
0,0,0,0,1,2,1,1,538.42
1,0,0,0,1,2,1,1,601.36
2,0,0,0,1,2,1,1,597.6
3,0,0,0,1,2,1,1,593.09
0,1,0,0,1,2,1,1,233.31
1,1,0,0,1,2,1,1,237.24
2,1,0,0,1,2,1,1,249.28
3,1,0,0,1,2,1,1,210.28
0,2,0,0,1,2,1,1,406.64
1,2,0,0,1,2,1,1,392.37
2,2,0,0,1,2,1,1,441.06
3,2,0,0,1,2,1,1,437.39
0,0,1,0,1,2,1,1,534.91
1,0,1,0,1,2,1,1,597.88
2,0,1,0,1,2,1,1,591.27
3,0,1,0,1,2,1,1,582.16
0,1,1,0,1,2,1,1,247.45
1,1,1,0,1,2,1,1,275.16
2,1,1,0,1,2,1,1,281.95
3,1,1,0,1,2,1,1,248.26
0,2,1,0,1,2,1,1,409.89
1,2,1,0,1,2,1,1,386.11
2,2,1,0,1,2,1,1,437.95
3,2,1,0,1,2,1,1,428.47
0,0,2,0,1,2,1,1,538.38
1,0,2,0,1,2,1,1,600.64
2,0,2,0,1,2,1,1,598.31
3,0,2,0,1,2,1,1,594.29
0,1,2,0,1,2,1,1,229.08
1,1,2,0,1,2,1,1,201.99
2,1,2,0,1,2,1,1,223.35
3,1,2,0,1,2,1,1,223.72
0,2,2,0,1,2,1,1,378.13
1,2,2,0,1,2,1,1,379.76
2,2,2,0,1,2,1,1,427.81
3,2,2,0,1,2,1,1,407.93
0,0,0,1,1,2,1,1,211.75
1,0,0,1,1,2,1,1,175.66
2,0,0,1,1,2,1,1,213.45
3,0,0,1,1,2,1,1,236.04
0,1,0,1,1,2,1,1,106.07
1,1,0,1,1,2,1,1,116.14
2,1,0,1,1,2,1,1,128.31
3,1,0,1,1,2,1,1,130.73
0,2,0,1,1,2,1,1,183.59
1,2,0,1,1,2,1,1,177.07
2,2,0,1,1,2,1,1,195.9
3,2,0,1,1,2,1,1,188.51
0,0,1,1,1,2,1,1,221.06
1,0,1,1,1,2,1,1,182.85
2,0,1,1,1,2,1,1,222.59
3,0,1,1,1,2,1,1,248.11
0,1,1,1,1,2,1,1,112.53
1,1,1,1,1,2,1,1,99.018
2,1,1,1,1,2,1,1,127.48
3,1,1,1,1,2,1,1,130.09
0,2,1,1,1,2,1,1,218.58
1,2,1,1,1,2,1,1,219.61
2,2,1,1,1,2,1,1,235.6
3,2,1,1,1,2,1,1,235.26
0,0,2,1,1,2,1,1,205.74
1,0,2,1,1,2,1,1,170.03
2,0,2,1,1,2,1,1,211.74
3,0,2,1,1,2,1,1,237.1
0,1,2,1,1,2,1,1,99.317
1,1,2,1,1,2,1,1,140.96
2,1,2,1,1,2,1,1,137.63
3,1,2,1,1,2,1,1,144.16
0,2,2,1,1,2,1,1,154.76
1,2,2,1,1,2,1,1,152.84
2,2,2,1,1,2,1,1,172.25
3,2,2,1,1,2,1,1,176.47
0,0,0,0,2,2,1,1,583.82
1,0,0,0,2,2,1,1,628.34
2,0,0,0,2,2,1,1,630.61
3,0,0,0,2,2,1,1,621.41
0,1,0,0,2,2,1,1,200.15
1,1,0,0,2,2,1,1,232.67
2,1,0,0,2,2,1,1,231.25
3,1,0,0,2,2,1,1,204.59
0,2,0,0,2,2,1,1,418.5
1,2,0,0,2,2,1,1,402.36
2,2,0,0,2,2,1,1,447.42
3,2,0,0,2,2,1,1,445.38
0,0,1,0,2,2,1,1,579.77
1,0,1,0,2,2,1,1,625.13
2,0,1,0,2,2,1,1,625.19
3,0,1,0,2,2,1,1,611.21
0,1,1,0,2,2,1,1,219.26
1,1,1,0,2,2,1,1,279.37
2,1,1,0,2,2,1,1,258.18
3,1,1,0,2,2,1,1,248.01
0,2,1,0,2,2,1,1,417.3
1,2,1,0,2,2,1,1,394.03
2,2,1,0,2,2,1,1,445.55
3,2,1,0,2,2,1,1,439.23
0,0,2,0,2,2,1,1,583.63
1,0,2,0,2,2,1,1,631.86
2,0,2,0,2,2,1,1,629.04
3,0,2,0,2,2,1,1,624.98
0,1,2,0,2,2,1,1,189.1
1,1,2,0,2,2,1,1,187.54
2,1,2,0,2,2,1,1,193.98
3,1,2,0,2,2,1,1,183.47
0,2,2,0,2,2,1,1,378.35
1,2,2,0,2,2,1,1,386.66
2,2,2,0,2,2,1,1,431.68
3,2,2,0,2,2,1,1,410.5
0,0,0,1,2,2,1,1,198.84
1,0,0,1,2,2,1,1,174
2,0,0,1,2,2,1,1,196.69
3,0,0,1,2,2,1,1,215.39
0,1,0,1,2,2,1,1,81.974
1,1,0,1,2,2,1,1,103.25
2,1,0,1,2,2,1,1,110.88
3,1,0,1,2,2,1,1,81.668
0,2,0,1,2,2,1,1,173.69
1,2,0,1,2,2,1,1,175.6
2,2,0,1,2,2,1,1,190.02
3,2,0,1,2,2,1,1,185.25
0,0,1,1,2,2,1,1,214.56
1,0,1,1,2,2,1,1,187.6
2,0,1,1,2,2,1,1,209.6
3,0,1,1,2,2,1,1,230.45
0,1,1,1,2,2,1,1,85.3
1,1,1,1,2,2,1,1,108.24
2,1,1,1,2,2,1,1,105.55
3,1,1,1,2,2,1,1,86.006
0,2,1,1,2,2,1,1,219.24
1,2,1,1,2,2,1,1,230.93
2,2,1,1,2,2,1,1,236.57
3,2,1,1,2,2,1,1,247.32
0,0,2,1,2,2,1,1,197.56
1,0,2,1,2,2,1,1,166.29
2,0,2,1,2,2,1,1,200.48
3,0,2,1,2,2,1,1,226.89
0,1,2,1,2,2,1,1,80.742
1,1,2,1,2,2,1,1,115.57
2,1,2,1,2,2,1,1,126.22
3,1,2,1,2,2,1,1,91.977
0,2,2,1,2,2,1,1,145.76
1,2,2,1,2,2,1,1,145.61
2,2,2,1,2,2,1,1,165.31
3,2,2,1,2,2,1,1,170.49
0,0,0,0,0,0,0,2,336.1
1,0,0,0,0,0,0,2,354.78
2,0,0,0,0,0,0,2,352.08
3,0,0,0,0,0,0,2,296.08
0,1,0,0,0,0,0,2,152.03
1,1,0,0,0,0,0,2,204.1
2,1,0,0,0,0,0,2,187.18
3,1,0,0,0,0,0,2,175.92
0,2,0,0,0,0,0,2,170.49
1,2,0,0,0,0,0,2,184.76
2,2,0,0,0,0,0,2,211.62
3,2,0,0,0,0,0,2,157.45
0,0,1,0,0,0,0,2,353.59
1,0,1,0,0,0,0,2,386.11
2,0,1,0,0,0,0,2,382.43
3,0,1,0,0,0,0,2,305.04
0,1,1,0,0,0,0,2,166.02
1,1,1,0,0,0,0,2,209.56
2,1,1,0,0,0,0,2,202.81
3,1,1,0,0,0,0,2,163.02
0,2,1,0,0,0,0,2,200.34
1,2,1,0,0,0,0,2,227.45
2,2,1,0,0,0,0,2,256.42
3,2,1,0,0,0,0,2,200.78
0,0,2,0,0,0,0,2,384.09
1,0,2,0,0,0,0,2,395.61
2,0,2,0,0,0,0,2,395.5
3,0,2,0,0,0,0,2,367.57
0,1,2,0,0,0,0,2,132.09
1,1,2,0,0,0,0,2,159.75
2,1,2,0,0,0,0,2,157.95
3,1,2,0,0,0,0,2,168.84
0,2,2,0,0,0,0,2,202.12
1,2,2,0,0,0,0,2,208.96
2,2,2,0,0,0,0,2,235.1
3,2,2,0,0,0,0,2,202.61
0,0,0,1,0,0,0,2,152.83
1,0,0,1,0,0,0,2,110.63
2,0,0,1,0,0,0,2,172.41
3,0,0,1,0,0,0,2,159.15
0,1,0,1,0,0,0,2,78.892
1,1,0,1,0,0,0,2,70.463
2,1,0,1,0,0,0,2,99.821
3,1,0,1,0,0,0,2,75.608
0,2,0,1,0,0,0,2,115.69
1,2,0,1,0,0,0,2,82.596
2,2,0,1,0,0,0,2,123.64
3,2,0,1,0,0,0,2,84.448
0,0,1,1,0,0,0,2,169.76
1,0,1,1,0,0,0,2,132.95
2,0,1,1,0,0,0,2,190.05
3,0,1,1,0,0,0,2,169.65
0,1,1,1,0,0,0,2,65.781
1,1,1,1,0,0,0,2,62.702
2,1,1,1,0,0,0,2,102.34
3,1,1,1,0,0,0,2,96.023
0,2,1,1,0,0,0,2,153.5
1,2,1,1,0,0,0,2,101.48
2,2,1,1,0,0,0,2,156.73
3,2,1,1,0,0,0,2,92.475
0,0,2,1,0,0,0,2,189.42
1,0,2,1,0,0,0,2,142.53
2,0,2,1,0,0,0,2,197.28
3,0,2,1,0,0,0,2,197.14
0,1,2,1,0,0,0,2,58.867
1,1,2,1,0,0,0,2,61.436
2,1,2,1,0,0,0,2,119.09
3,1,2,1,0,0,0,2,86.305
0,2,2,1,0,0,0,2,170.8
1,2,2,1,0,0,0,2,88.186
2,2,2,1,0,0,0,2,153.83
3,2,2,1,0,0,0,2,88.028
0,0,0,0,1,0,0,2,402.99
1,0,0,0,1,0,0,2,389.19
2,0,0,0,1,0,0,2,391.14
3,0,0,0,1,0,0,2,364.05
0,1,0,0,1,0,0,2,190.31
1,1,0,0,1,0,0,2,212.32
2,1,0,0,1,0,0,2,208.05
3,1,0,0,1,0,0,2,211.45
0,2,0,0,1,0,0,2,207.69
1,2,0,0,1,0,0,2,205.54
2,2,0,0,1,0,0,2,229.55
3,2,0,0,1,0,0,2,197.87
0,0,1,0,1,0,0,2,432.98
1,0,1,0,1,0,0,2,419.35
2,0,1,0,1,0,0,2,421.22
3,0,1,0,1,0,0,2,379.82
0,1,1,0,1,0,0,2,204.04
1,1,1,0,1,0,0,2,221.3
2,1,1,0,1,0,0,2,218.73
3,1,1,0,1,0,0,2,210.6
0,2,1,0,1,0,0,2,244.9
1,2,1,0,1,0,0,2,242.42
2,2,1,0,1,0,0,2,267.81
3,2,1,0,1,0,0,2,232.73
0,0,2,0,1,0,0,2,439.05
1,0,2,0,1,0,0,2,426.07
2,0,2,0,1,0,0,2,427.05
3,0,2,0,1,0,0,2,407.79
0,1,2,0,1,0,0,2,184.55
1,1,2,0,1,0,0,2,193.58
2,1,2,0,1,0,0,2,200.55
3,1,2,0,1,0,0,2,208.82
0,2,2,0,1,0,0,2,244.75
1,2,2,0,1,0,0,2,238.98
2,2,2,0,1,0,0,2,260.74
3,2,2,0,1,0,0,2,237.99
0,0,0,1,1,0,0,2,208.33
1,0,0,1,1,0,0,2,150.12
2,0,0,1,1,0,0,2,209.75
3,0,0,1,1,0,0,2,205.39
0,1,0,1,1,0,0,2,121.1
1,1,0,1,1,0,0,2,148.46
2,1,0,1,1,0,0,2,173.39
3,1,0,1,1,0,0,2,128.94
0,2,0,1,1,0,0,2,127.89
1,2,0,1,1,0,0,2,104.28
2,2,0,1,1,0,0,2,138.61
3,2,0,1,1,0,0,2,102.95
0,0,1,1,1,0,0,2,215.36
1,0,1,1,1,0,0,2,162.78
2,0,1,1,1,0,0,2,212.89
3,0,1,1,1,0,0,2,203.66
0,1,1,1,1,0,0,2,116.21
1,1,1,1,1,0,0,2,134.84
2,1,1,1,1,0,0,2,136.48
3,1,1,1,1,0,0,2,142.07
0,2,1,1,1,0,0,2,164.25
1,2,1,1,1,0,0,2,119.49
2,2,1,1,1,0,0,2,162.49
3,2,1,1,1,0,0,2,122.11
0,0,2,1,1,0,0,2,226.64
1,0,2,1,1,0,0,2,170.05
2,0,2,1,1,0,0,2,224.82
3,0,2,1,1,0,0,2,227.58
0,1,2,1,1,0,0,2,124.4
1,1,2,1,1,0,0,2,155.41
2,1,2,1,1,0,0,2,174.8
3,1,2,1,1,0,0,2,124.11
0,2,2,1,1,0,0,2,173.52
1,2,2,1,1,0,0,2,111.46
2,2,2,1,1,0,0,2,169.28
3,2,2,1,1,0,0,2,113.26
0,0,0,0,2,0,0,2,383.59
1,0,0,0,2,0,0,2,374.52
2,0,0,0,2,0,0,2,375.57
3,0,0,0,2,0,0,2,355.38
0,1,0,0,2,0,0,2,151.67
1,1,0,0,2,0,0,2,197.11
2,1,0,0,2,0,0,2,176.95
3,1,0,0,2,0,0,2,184.43
0,2,0,0,2,0,0,2,178.17
1,2,0,0,2,0,0,2,181.66
2,2,0,0,2,0,0,2,211.5
3,2,0,0,2,0,0,2,171.6
0,0,1,0,2,0,0,2,415.1
1,0,1,0,2,0,0,2,405.22
2,0,1,0,2,0,0,2,408.04
3,0,1,0,2,0,0,2,375.68
0,1,1,0,2,0,0,2,175.74
1,1,1,0,2,0,0,2,210.51
2,1,1,0,2,0,0,2,188.62
3,1,1,0,2,0,0,2,195.38
0,2,1,0,2,0,0,2,215.73
1,2,1,0,2,0,0,2,227.24
2,2,1,0,2,0,0,2,258.81
3,2,1,0,2,0,0,2,213.87
0,0,2,0,2,0,0,2,412.18
1,0,2,0,2,0,0,2,409.18
2,0,2,0,2,0,0,2,409.26
3,0,2,0,2,0,0,2,397.47
0,1,2,0,2,0,0,2,147.73
1,1,2,0,2,0,0,2,163.31
2,1,2,0,2,0,0,2,173.52
3,1,2,0,2,0,0,2,174
0,2,2,0,2,0,0,2,216.1
1,2,2,0,2,0,0,2,219.05
2,2,2,0,2,0,0,2,246.08
3,2,2,0,2,0,0,2,215.34
0,0,0,1,2,0,0,2,221.45
1,0,0,1,2,0,0,2,150.09
2,0,0,1,2,0,0,2,214.5
3,0,0,1,2,0,0,2,212.46
0,1,0,1,2,0,0,2,75.547
1,1,0,1,2,0,0,2,138.26
2,1,0,1,2,0,0,2,182.85
3,1,0,1,2,0,0,2,87.104
0,2,0,1,2,0,0,2,130.13
1,2,0,1,2,0,0,2,107.73
2,2,0,1,2,0,0,2,140.2
3,2,0,1,2,0,0,2,102.44
0,0,1,1,2,0,0,2,227.34
1,0,1,1,2,0,0,2,161.71
2,0,1,1,2,0,0,2,215.04
3,0,1,1,2,0,0,2,206.39
0,1,1,1,2,0,0,2,75.243
1,1,1,1,2,0,0,2,123.23
2,1,1,1,2,0,0,2,139.45
3,1,1,1,2,0,0,2,111.42
0,2,1,1,2,0,0,2,167.04
1,2,1,1,2,0,0,2,123.72
2,2,1,1,2,0,0,2,161.79
3,2,1,1,2,0,0,2,127.11
0,0,2,1,2,0,0,2,229.55
1,0,2,1,2,0,0,2,164.07
2,0,2,1,2,0,0,2,224.92
3,0,2,1,2,0,0,2,225.66
0,1,2,1,2,0,0,2,75.299
1,1,2,1,2,0,0,2,140.68
2,1,2,1,2,0,0,2,184.57
3,1,2,1,2,0,0,2,77.566
0,2,2,1,2,0,0,2,174.63
1,2,2,1,2,0,0,2,115.05
2,2,2,1,2,0,0,2,172.56
3,2,2,1,2,0,0,2,115.4
0,0,0,0,0,1,0,2,423.09
1,0,0,0,0,1,0,2,412.16
2,0,0,0,0,1,0,2,411.57
3,0,0,0,0,1,0,2,379.67
0,1,0,0,0,1,0,2,232.49
1,1,0,0,0,1,0,2,231.14
2,1,0,0,0,1,0,2,232.23
3,1,0,0,0,1,0,2,226.98
0,2,0,0,0,1,0,2,304.61
1,2,0,0,0,1,0,2,299.5
2,2,0,0,0,1,0,2,306.92
3,2,0,0,0,1,0,2,274.18
0,0,1,0,0,1,0,2,440.48
1,0,1,0,0,1,0,2,429.85
2,0,1,0,0,1,0,2,429.22
3,0,1,0,0,1,0,2,393.73
0,1,1,0,0,1,0,2,240.46
1,1,1,0,0,1,0,2,233.25
2,1,1,0,0,1,0,2,240.17
3,1,1,0,0,1,0,2,227.2
0,2,1,0,0,1,0,2,320.3
1,2,1,0,0,1,0,2,319.51
2,2,1,0,0,1,0,2,327.51
3,2,1,0,0,1,0,2,292.97
0,0,2,0,0,1,0,2,440.53
1,0,2,0,0,1,0,2,433.48
2,0,2,0,0,1,0,2,433
3,0,2,0,0,1,0,2,408.69
0,1,2,0,0,1,0,2,212.08
1,1,2,0,0,1,0,2,197.62
2,1,2,0,0,1,0,2,208.61
3,1,2,0,0,1,0,2,210.02
0,2,2,0,0,1,0,2,316.98
1,2,2,0,0,1,0,2,310.51
2,2,2,0,0,1,0,2,318.19
3,2,2,0,0,1,0,2,294.86
0,0,0,1,0,1,0,2,206.39
1,0,0,1,0,1,0,2,232.51
2,0,0,1,0,1,0,2,205.24
3,0,0,1,0,1,0,2,189.46
0,1,0,1,0,1,0,2,86.286
1,1,0,1,0,1,0,2,117.49
2,1,0,1,0,1,0,2,106.28
3,1,0,1,0,1,0,2,109.52
0,2,0,1,0,1,0,2,195.63
1,2,0,1,0,1,0,2,199.58
2,2,0,1,0,1,0,2,194.55
3,2,0,1,0,1,0,2,163.5
0,0,1,1,0,1,0,2,212
1,0,1,1,0,1,0,2,243.02
2,0,1,1,0,1,0,2,212.61
3,0,1,1,0,1,0,2,196.11
0,1,1,1,0,1,0,2,83.465
1,1,1,1,0,1,0,2,125.83
2,1,1,1,0,1,0,2,116
3,1,1,1,0,1,0,2,130.74
0,2,1,1,0,1,0,2,214.68
1,2,1,1,0,1,0,2,209.09
2,2,1,1,0,1,0,2,217.2
3,2,1,1,0,1,0,2,165.47
0,0,2,1,0,1,0,2,208.62
1,0,2,1,0,1,0,2,236.49
2,0,2,1,0,1,0,2,207.89
3,0,2,1,0,1,0,2,190.6
0,1,2,1,0,1,0,2,79.867
1,1,2,1,0,1,0,2,115.39
2,1,2,1,0,1,0,2,114.11
3,1,2,1,0,1,0,2,112.28
0,2,2,1,0,1,0,2,212.63
1,2,2,1,0,1,0,2,199.04
2,2,2,1,0,1,0,2,209.04
3,2,2,1,0,1,0,2,165.88
0,0,0,0,1,1,0,2,506.59
1,0,0,0,1,1,0,2,466.33
2,0,0,0,1,1,0,2,465.74
3,0,0,0,1,1,0,2,422.62
0,1,0,0,1,1,0,2,224.04
1,1,0,0,1,1,0,2,222.54
2,1,0,0,1,1,0,2,222.47
3,1,0,0,1,1,0,2,220.63
0,2,0,0,1,1,0,2,350.97
1,2,0,0,1,1,0,2,327.7
2,2,0,0,1,1,0,2,335.61
3,2,0,0,1,1,0,2,304.55
0,0,1,0,1,1,0,2,521.69
1,0,1,0,1,1,0,2,479.34
2,0,1,0,1,1,0,2,478.75
3,0,1,0,1,1,0,2,429.77
0,1,1,0,1,1,0,2,232.92
1,1,1,0,1,1,0,2,228.43
2,1,1,0,1,1,0,2,227.7
3,1,1,0,1,1,0,2,224.34
0,2,1,0,1,1,0,2,368.73
1,2,1,0,1,1,0,2,344.97
2,2,1,0,1,1,0,2,354.1
3,2,1,0,1,1,0,2,318.19
0,0,2,0,1,1,0,2,523.32
1,0,2,0,1,1,0,2,487.86
2,0,2,0,1,1,0,2,487.26
3,0,2,0,1,1,0,2,452.75
0,1,2,0,1,1,0,2,219.54
1,1,2,0,1,1,0,2,209.17
2,1,2,0,1,1,0,2,216.67
3,1,2,0,1,1,0,2,216.37
0,2,2,0,1,1,0,2,368.73
1,2,2,0,1,1,0,2,346.04
2,2,2,0,1,1,0,2,354.34
3,2,2,0,1,1,0,2,327.66
0,0,0,1,1,1,0,2,253.9
1,0,0,1,1,1,0,2,214.8
2,0,0,1,1,1,0,2,249.42
3,0,0,1,1,1,0,2,265.29
0,1,0,1,1,1,0,2,185.6
1,1,0,1,1,1,0,2,185.73
2,1,0,1,1,1,0,2,180.2
3,1,0,1,1,1,0,2,183.35
0,2,0,1,1,1,0,2,242.21
1,2,0,1,1,1,0,2,202.73
2,2,0,1,1,1,0,2,239.35
3,2,0,1,1,1,0,2,222.35
0,0,1,1,1,1,0,2,244.29
1,0,1,1,1,1,0,2,208.1
2,0,1,1,1,1,0,2,237.29
3,0,1,1,1,1,0,2,254.16
0,1,1,1,1,1,0,2,184.41
1,1,1,1,1,1,0,2,184.51
2,1,1,1,1,1,0,2,156.59
3,1,1,1,1,1,0,2,181.36
0,2,1,1,1,1,0,2,252.55
1,2,1,1,1,1,0,2,206.42
2,2,1,1,1,1,0,2,248.52
3,2,1,1,1,1,0,2,225.67
0,0,2,1,1,1,0,2,270.39
1,0,2,1,1,1,0,2,230.42
2,0,2,1,1,1,0,2,268.25
3,0,2,1,1,1,0,2,286.71
0,1,2,1,1,1,0,2,185.39
1,1,2,1,1,1,0,2,186.26
2,1,2,1,1,1,0,2,172.85
3,1,2,1,1,1,0,2,183.54
0,2,2,1,1,1,0,2,258.72
1,2,2,1,1,1,0,2,210.64
2,2,2,1,1,1,0,2,258.08
3,2,2,1,1,1,0,2,236.89
0,0,0,0,2,1,0,2,464.23
1,0,0,0,2,1,0,2,438.16
2,0,0,0,2,1,0,2,438.19
3,0,0,0,2,1,0,2,399.7
0,1,0,0,2,1,0,2,217.03
1,1,0,0,2,1,0,2,218.96
2,1,0,0,2,1,0,2,218.17
3,1,0,0,2,1,0,2,220.76
0,2,0,0,2,1,0,2,314.86
1,2,0,0,2,1,0,2,302.47
2,2,0,0,2,1,0,2,311.26
3,2,0,0,2,1,0,2,286.68
0,0,1,0,2,1,0,2,476.62
1,0,1,0,2,1,0,2,446.57
2,0,1,0,2,1,0,2,446.67
3,0,1,0,2,1,0,2,390
0,1,1,0,2,1,0,2,235.64
1,1,1,0,2,1,0,2,227.89
2,1,1,0,2,1,0,2,223.94
3,1,1,0,2,1,0,2,231.02
0,2,1,0,2,1,0,2,333.69
1,2,1,0,2,1,0,2,325.09
2,2,1,0,2,1,0,2,334.77
3,2,1,0,2,1,0,2,298.13
0,0,2,0,2,1,0,2,481.98
1,0,2,0,2,1,0,2,469.33
2,0,2,0,2,1,0,2,469.36
3,0,2,0,2,1,0,2,444.03
0,1,2,0,2,1,0,2,212.79
1,1,2,0,2,1,0,2,194.25
2,1,2,0,2,1,0,2,208.24
3,1,2,0,2,1,0,2,205.02
0,2,2,0,2,1,0,2,333.84
1,2,2,0,2,1,0,2,323.11
2,2,2,0,2,1,0,2,333.16
3,2,2,0,2,1,0,2,309.32
0,0,0,1,2,1,0,2,236.6
1,0,0,1,2,1,0,2,195
2,0,0,1,2,1,0,2,229.3
3,0,0,1,2,1,0,2,254.91
0,1,0,1,2,1,0,2,131.45
1,1,0,1,2,1,0,2,142.79
2,1,0,1,2,1,0,2,158.14
3,1,0,1,2,1,0,2,140.74
0,2,0,1,2,1,0,2,241.94
1,2,0,1,2,1,0,2,199.24
2,2,0,1,2,1,0,2,236.7
3,2,0,1,2,1,0,2,218.25
0,0,1,1,2,1,0,2,230.65
1,0,1,1,2,1,0,2,188.57
2,0,1,1,2,1,0,2,220.16
3,0,1,1,2,1,0,2,246.79
0,1,1,1,2,1,0,2,117.43
1,1,1,1,2,1,0,2,130.95
2,1,1,1,2,1,0,2,127.93
3,1,1,1,2,1,0,2,128.21
0,2,1,1,2,1,0,2,251.96
1,2,1,1,2,1,0,2,201.91
2,2,1,1,2,1,0,2,246.27
3,2,1,1,2,1,0,2,223.25
0,0,2,1,2,1,0,2,245.97
1,0,2,1,2,1,0,2,207.1
2,0,2,1,2,1,0,2,241.71
3,0,2,1,2,1,0,2,266.25
0,1,2,1,2,1,0,2,135.07
1,1,2,1,2,1,0,2,146.5
2,1,2,1,2,1,0,2,153.37
3,1,2,1,2,1,0,2,145.27
0,2,2,1,2,1,0,2,253.35
1,2,2,1,2,1,0,2,204.2
2,2,2,1,2,1,0,2,252.13
3,2,2,1,2,1,0,2,227.21
0,0,0,0,0,2,0,2,185.76
1,0,0,0,0,2,0,2,259.19
2,0,0,0,0,2,0,2,334.53
3,0,0,0,0,2,0,2,250.62
0,1,0,0,0,2,0,2,141.45
1,1,0,0,0,2,0,2,207.2
2,1,0,0,0,2,0,2,185.06
3,1,0,0,0,2,0,2,182.01
0,2,0,0,0,2,0,2,162.27
1,2,0,0,0,2,0,2,202.73
2,2,0,0,0,2,0,2,276.98
3,2,0,0,0,2,0,2,186.19
0,0,1,0,0,2,0,2,183.13
1,0,1,0,0,2,0,2,267.98
2,0,1,0,0,2,0,2,346.1
3,0,1,0,0,2,0,2,254.39
0,1,1,0,0,2,0,2,136.51
1,1,1,0,0,2,0,2,130.94
2,1,1,0,0,2,0,2,182.67
3,1,1,0,0,2,0,2,139.5
0,2,1,0,0,2,0,2,163.19
1,2,1,0,0,2,0,2,207.57
2,2,1,0,0,2,0,2,307.16
3,2,1,0,0,2,0,2,201.45
0,0,2,0,0,2,0,2,200.59
1,0,2,0,0,2,0,2,270.63
2,0,2,0,0,2,0,2,359.68
3,0,2,0,0,2,0,2,275.43
0,1,2,0,0,2,0,2,111.64
1,1,2,0,0,2,0,2,93.405
2,1,2,0,0,2,0,2,119.46
3,1,2,0,0,2,0,2,141.91
0,2,2,0,0,2,0,2,167.16
1,2,2,0,0,2,0,2,191.34
2,2,2,0,0,2,0,2,279.63
3,2,2,0,0,2,0,2,202.67
0,0,0,1,0,2,0,2,97.636
1,0,0,1,0,2,0,2,103.12
2,0,0,1,0,2,0,2,133.86
3,0,0,1,0,2,0,2,99.266
0,1,0,1,0,2,0,2,75.27
1,1,0,1,0,2,0,2,86.594
2,1,0,1,0,2,0,2,80.384
3,1,0,1,0,2,0,2,70.262
0,2,0,1,0,2,0,2,124.28
1,2,0,1,0,2,0,2,83.586
2,2,0,1,0,2,0,2,174.08
3,2,0,1,0,2,0,2,83.72
0,0,1,1,0,2,0,2,125.05
1,0,1,1,0,2,0,2,109.76
2,0,1,1,0,2,0,2,151.3
3,0,1,1,0,2,0,2,139.36
0,1,1,1,0,2,0,2,76.1
1,1,1,1,0,2,0,2,70.252
2,1,1,1,0,2,0,2,85.9
3,1,1,1,0,2,0,2,81.668
0,2,1,1,0,2,0,2,171.94
1,2,1,1,0,2,0,2,96.435
2,2,1,1,0,2,0,2,208.75
3,2,1,1,0,2,0,2,76.19
0,0,2,1,0,2,0,2,128.83
1,0,2,1,0,2,0,2,115.45
2,0,2,1,0,2,0,2,152.95
3,0,2,1,0,2,0,2,154.33
0,1,2,1,0,2,0,2,66.928
1,1,2,1,0,2,0,2,65.935
2,1,2,1,0,2,0,2,96.712
3,1,2,1,0,2,0,2,74.845
0,2,2,1,0,2,0,2,167.22
1,2,2,1,0,2,0,2,80.725
2,2,2,1,0,2,0,2,207.64
3,2,2,1,0,2,0,2,99.996
0,0,0,0,1,2,0,2,335.99
1,0,0,0,1,2,0,2,343.21
2,0,0,0,1,2,0,2,337.61
3,0,0,0,1,2,0,2,343.02
0,1,0,0,1,2,0,2,206.72
1,1,0,0,1,2,0,2,218.54
2,1,0,0,1,2,0,2,215.58
3,1,0,0,1,2,0,2,219.7
0,2,0,0,1,2,0,2,196.46
1,2,0,0,1,2,0,2,207.14
2,2,0,0,1,2,0,2,243.91
3,2,0,0,1,2,0,2,206.81
0,0,1,0,1,2,0,2,345.3
1,0,1,0,1,2,0,2,356.47
2,0,1,0,1,2,0,2,349.37
3,0,1,0,1,2,0,2,356.94
0,1,1,0,1,2,0,2,222.52
1,1,1,0,1,2,0,2,216.83
2,1,1,0,1,2,0,2,218.16
3,1,1,0,1,2,0,2,223.87
0,2,1,0,1,2,0,2,206.17
1,2,1,0,1,2,0,2,223.02
2,2,1,0,1,2,0,2,270.43
3,2,1,0,1,2,0,2,225.58
0,0,2,0,1,2,0,2,347.16
1,0,2,0,1,2,0,2,355.77
2,0,2,0,1,2,0,2,357.49
3,0,2,0,1,2,0,2,358.69
0,1,2,0,1,2,0,2,199.16
1,1,2,0,1,2,0,2,195.7
2,1,2,0,1,2,0,2,209.19
3,1,2,0,1,2,0,2,216.18
0,2,2,0,1,2,0,2,207.04
1,2,2,0,1,2,0,2,220.98
2,2,2,0,1,2,0,2,264.09
3,2,2,0,1,2,0,2,227.23
0,0,0,1,1,2,0,2,125.62
1,0,0,1,1,2,0,2,127.61
2,0,0,1,1,2,0,2,163.94
3,0,0,1,1,2,0,2,153.1
0,1,0,1,1,2,0,2,108.87
1,1,0,1,1,2,0,2,111.19
2,1,0,1,1,2,0,2,154.56
3,1,0,1,1,2,0,2,118.51
0,2,0,1,1,2,0,2,127.48
1,2,0,1,1,2,0,2,102.91
2,2,0,1,1,2,0,2,173.59
3,2,0,1,1,2,0,2,98.928
0,0,1,1,1,2,0,2,154.76
1,0,1,1,1,2,0,2,140.46
2,0,1,1,1,2,0,2,184.24
3,0,1,1,1,2,0,2,201.59
0,1,1,1,1,2,0,2,93.722
1,1,1,1,1,2,0,2,84.488
2,1,1,1,1,2,0,2,107.73
3,1,1,1,1,2,0,2,104.96
0,2,1,1,1,2,0,2,172.16
1,2,1,1,1,2,0,2,123.21
2,2,1,1,1,2,0,2,193.75
3,2,1,1,1,2,0,2,146.5
0,0,2,1,1,2,0,2,137.26
1,0,2,1,1,2,0,2,134.47
2,0,2,1,1,2,0,2,165.41
3,0,2,1,1,2,0,2,144.86
0,1,2,1,1,2,0,2,125.84
1,1,2,1,1,2,0,2,131.32
2,1,2,1,1,2,0,2,120.97
3,1,2,1,1,2,0,2,131.51
0,2,2,1,1,2,0,2,165.76
1,2,2,1,1,2,0,2,111.86
2,2,2,1,1,2,0,2,214.66
3,2,2,1,1,2,0,2,124.39
0,0,0,0,2,2,0,2,293.21
1,0,0,0,2,2,0,2,296.85
2,0,0,0,2,2,0,2,275.16
3,0,0,0,2,2,0,2,277.12
0,1,0,0,2,2,0,2,117.62
1,1,0,0,2,2,0,2,171.12
2,1,0,0,2,2,0,2,149.4
3,1,0,0,2,2,0,2,158.08
0,2,0,0,2,2,0,2,155.43
1,2,0,0,2,2,0,2,176.28
2,2,0,0,2,2,0,2,229.69
3,2,0,0,2,2,0,2,172.76
0,0,1,0,2,2,0,2,321.88
1,0,1,0,2,2,0,2,325.42
2,0,1,0,2,2,0,2,293.11
3,0,1,0,2,2,0,2,305.69
0,1,1,0,2,2,0,2,166.03
1,1,1,0,2,2,0,2,132.17
2,1,1,0,2,2,0,2,113.11
3,1,1,0,2,2,0,2,159.81
0,2,1,0,2,2,0,2,168
1,2,1,0,2,2,0,2,190.7
2,2,1,0,2,2,0,2,254.8
3,2,1,0,2,2,0,2,190.23
0,0,2,0,2,2,0,2,277.97
1,0,2,0,2,2,0,2,283.93
2,0,2,0,2,2,0,2,279.85
3,0,2,0,2,2,0,2,263.89
0,1,2,0,2,2,0,2,135.44
1,1,2,0,2,2,0,2,97.853
2,1,2,0,2,2,0,2,152.05
3,1,2,0,2,2,0,2,130.21
0,2,2,0,2,2,0,2,165.34
1,2,2,0,2,2,0,2,177.55
2,2,2,0,2,2,0,2,244.1
3,2,2,0,2,2,0,2,178.26
0,0,0,1,2,2,0,2,108.3
1,0,0,1,2,2,0,2,117.36
2,0,0,1,2,2,0,2,163.24
3,0,0,1,2,2,0,2,118.7
0,1,0,1,2,2,0,2,80.168
1,1,0,1,2,2,0,2,75.435
2,1,0,1,2,2,0,2,166.99
3,1,0,1,2,2,0,2,88.438
0,2,0,1,2,2,0,2,116.72
1,2,0,1,2,2,0,2,96.751
2,2,0,1,2,2,0,2,170.19
3,2,0,1,2,2,0,2,83.086
0,0,1,1,2,2,0,2,129.58
1,0,1,1,2,2,0,2,129.87
2,0,1,1,2,2,0,2,185.16
3,0,1,1,2,2,0,2,161.14
0,1,1,1,2,2,0,2,97.074
1,1,1,1,2,2,0,2,98.955
2,1,1,1,2,2,0,2,119.99
3,1,1,1,2,2,0,2,86.513
0,2,1,1,2,2,0,2,166.84
1,2,1,1,2,2,0,2,124.19
2,2,1,1,2,2,0,2,185.13
3,2,1,1,2,2,0,2,130.67
0,0,2,1,2,2,0,2,126.47
1,0,2,1,2,2,0,2,125.14
2,0,2,1,2,2,0,2,167.92
3,0,2,1,2,2,0,2,125.32
0,1,2,1,2,2,0,2,85.801
1,1,2,1,2,2,0,2,65.55
2,1,2,1,2,2,0,2,128.81
3,1,2,1,2,2,0,2,89.173
0,2,2,1,2,2,0,2,159.76
1,2,2,1,2,2,0,2,107.74
2,2,2,1,2,2,0,2,218.23
3,2,2,1,2,2,0,2,117.01
0,0,0,0,0,0,1,2,560.59
1,0,0,0,0,0,1,2,660.56
2,0,0,0,0,0,1,2,666.33
3,0,0,0,0,0,1,2,539.96
0,1,0,0,0,0,1,2,199.58
1,1,0,0,0,0,1,2,217.08
2,1,0,0,0,0,1,2,257.73
3,1,0,0,0,0,1,2,234.87
0,2,0,0,0,0,1,2,574.79
1,2,0,0,0,0,1,2,309.11
2,2,0,0,0,0,1,2,506.19
3,2,0,0,0,0,1,2,384.13
0,0,1,0,0,0,1,2,577.03
1,0,1,0,0,0,1,2,689.23
2,0,1,0,0,0,1,2,700.14
3,0,1,0,0,0,1,2,525.33
0,1,1,0,0,0,1,2,255.71
1,1,1,0,0,0,1,2,246.07
2,1,1,0,0,0,1,2,275.2
3,1,1,0,0,0,1,2,324.33
0,2,1,0,0,0,1,2,590.81
1,2,1,0,0,0,1,2,284.76
2,2,1,0,0,0,1,2,485.6
3,2,1,0,0,0,1,2,336.9
0,0,2,0,0,0,1,2,546.35
1,0,2,0,0,0,1,2,629.06
2,0,2,0,0,0,1,2,644.73
3,0,2,0,0,0,1,2,562
0,1,2,0,0,0,1,2,257.8
1,1,2,0,0,0,1,2,245.2
2,1,2,0,0,0,1,2,311.92
3,1,2,0,0,0,1,2,270.07
0,2,2,0,0,0,1,2,582.99
1,2,2,0,0,0,1,2,360.18
2,2,2,0,0,0,1,2,537.44
3,2,2,0,0,0,1,2,446.18
0,0,0,1,0,0,1,2,304.21
1,0,0,1,0,0,1,2,330.88
2,0,0,1,0,0,1,2,369.31
3,0,0,1,0,0,1,2,316.62
0,1,0,1,0,0,1,2,127.34
1,1,0,1,0,0,1,2,160.43
2,1,0,1,0,0,1,2,191.53
3,1,0,1,0,0,1,2,160.36
0,2,0,1,0,0,1,2,260.21
1,2,0,1,0,0,1,2,272.35
2,2,0,1,0,0,1,2,297.12
3,2,0,1,0,0,1,2,254.8
0,0,1,1,0,0,1,2,305.46
1,0,1,1,0,0,1,2,331.21
2,0,1,1,0,0,1,2,370.56
3,0,1,1,0,0,1,2,317.87
0,1,1,1,0,0,1,2,145.17
1,1,1,1,0,0,1,2,170.8
2,1,1,1,0,0,1,2,206.05
3,1,1,1,0,0,1,2,172.28
0,2,1,1,0,0,1,2,265.78
1,2,1,1,0,0,1,2,274.72
2,2,1,1,0,0,1,2,301.92
3,2,1,1,0,0,1,2,257.85
0,0,2,1,0,0,1,2,304.21
1,0,2,1,0,0,1,2,330.88
2,0,2,1,0,0,1,2,369.31
3,0,2,1,0,0,1,2,316.62
0,1,2,1,0,0,1,2,105.7
1,1,2,1,0,0,1,2,146.83
2,1,2,1,0,0,1,2,180.36
3,1,2,1,0,0,1,2,150.39
0,2,2,1,0,0,1,2,248.73
1,2,2,1,0,0,1,2,263.48
2,2,2,1,0,0,1,2,293.03
3,2,2,1,0,0,1,2,246.64
0,0,0,0,1,0,1,2,808.68
1,0,0,0,1,0,1,2,782.99
2,0,0,0,1,0,1,2,780.41
3,0,0,0,1,0,1,2,744.97
0,1,0,0,1,0,1,2,306.47
1,1,0,0,1,0,1,2,329.87
2,1,0,0,1,0,1,2,349.34
3,1,0,0,1,0,1,2,344.49
0,2,0,0,1,0,1,2,809.2
1,2,0,0,1,0,1,2,760.34
2,2,0,0,1,0,1,2,803.01
3,2,0,0,1,0,1,2,783.15
0,0,1,0,1,0,1,2,809
1,0,1,0,1,0,1,2,784.53
2,0,1,0,1,0,1,2,780.93
3,0,1,0,1,0,1,2,747.18
0,1,1,0,1,0,1,2,322.22
1,1,1,0,1,0,1,2,370.87
2,1,1,0,1,0,1,2,386.25
3,1,1,0,1,0,1,2,415
0,2,1,0,1,0,1,2,797.29
1,2,1,0,1,0,1,2,767.17
2,2,1,0,1,0,1,2,799.34
3,2,1,0,1,0,1,2,787.74
0,0,2,0,1,0,1,2,810.16
1,0,2,0,1,0,1,2,782.89
2,0,2,0,1,0,1,2,781.89
3,0,2,0,1,0,1,2,744.2
0,1,2,0,1,0,1,2,342.44
1,1,2,0,1,0,1,2,327.42
2,1,2,0,1,0,1,2,359.23
3,1,2,0,1,0,1,2,353.11
0,2,2,0,1,0,1,2,820.67
1,2,2,0,1,0,1,2,766.94
2,2,2,0,1,0,1,2,810.76
3,2,2,0,1,0,1,2,782.24
0,0,0,1,1,0,1,2,338.13
1,0,0,1,1,0,1,2,351.21
2,0,0,1,1,0,1,2,376.9
3,0,0,1,1,0,1,2,326.28
0,1,0,1,1,0,1,2,196.5
1,1,0,1,1,0,1,2,212.42
2,1,0,1,1,0,1,2,230.13
3,1,0,1,1,0,1,2,232.32
0,2,0,1,1,0,1,2,286.03
1,2,0,1,1,0,1,2,290.06
2,2,0,1,1,0,1,2,310.05
3,2,0,1,1,0,1,2,271.86
0,0,1,1,1,0,1,2,339.38
1,0,1,1,1,0,1,2,351.54
2,0,1,1,1,0,1,2,378.15
3,0,1,1,1,0,1,2,327.53
0,1,1,1,1,0,1,2,200.93
1,1,1,1,1,0,1,2,209.8
2,1,1,1,1,0,1,2,228.12
3,1,1,1,1,0,1,2,225.71
0,2,1,1,1,0,1,2,289.67
1,2,1,1,1,0,1,2,290.76
2,2,1,1,1,0,1,2,311.06
3,2,1,1,1,0,1,2,273.41
0,0,2,1,1,0,1,2,338.13
1,0,2,1,1,0,1,2,351.21
2,0,2,1,1,0,1,2,376.9
3,0,2,1,1,0,1,2,326.28
0,1,2,1,1,0,1,2,182.66
1,1,2,1,1,0,1,2,216.01
2,1,2,1,1,0,1,2,232.33
3,1,2,1,1,0,1,2,234.66
0,2,2,1,1,0,1,2,277.4
1,2,2,1,1,0,1,2,290.11
2,2,2,1,1,0,1,2,310.3
3,2,2,1,1,0,1,2,271.35
0,0,0,0,2,0,1,2,597.61
1,0,0,0,2,0,1,2,635.24
2,0,0,0,2,0,1,2,565.9
3,0,0,0,2,0,1,2,605.28
0,1,0,0,2,0,1,2,224.95
1,1,0,0,2,0,1,2,269.6
2,1,0,0,2,0,1,2,317.69
3,1,0,0,2,0,1,2,306.4
0,2,0,0,2,0,1,2,454.15
1,2,0,0,2,0,1,2,385.96
2,2,0,0,2,0,1,2,519.07
3,2,0,0,2,0,1,2,512.04
0,0,1,0,2,0,1,2,572.7
1,0,1,0,2,0,1,2,619.27
2,0,1,0,2,0,1,2,523.13
3,0,1,0,2,0,1,2,560.45
0,1,1,0,2,0,1,2,287.95
1,1,1,0,2,0,1,2,326.84
2,1,1,0,2,0,1,2,364.36
3,1,1,0,2,0,1,2,325.59
0,2,1,0,2,0,1,2,339.79
1,2,1,0,2,0,1,2,330.9
2,2,1,0,2,0,1,2,447.47
3,2,1,0,2,0,1,2,424.64
0,0,2,0,2,0,1,2,628.42
1,0,2,0,2,0,1,2,642.63
2,0,2,0,2,0,1,2,629.21
3,0,2,0,2,0,1,2,682.38
0,1,2,0,2,0,1,2,256.61
1,1,2,0,2,0,1,2,269.07
2,1,2,0,2,0,1,2,321.24
3,1,2,0,2,0,1,2,320.48
0,2,2,0,2,0,1,2,548.62
1,2,2,0,2,0,1,2,450.53
2,2,2,0,2,0,1,2,587.2
3,2,2,0,2,0,1,2,598.11
0,0,0,1,2,0,1,2,371.05
1,0,0,1,2,0,1,2,363.17
2,0,0,1,2,0,1,2,381.17
3,0,0,1,2,0,1,2,331.22
0,1,0,1,2,0,1,2,177.69
1,1,0,1,2,0,1,2,189.29
2,1,0,1,2,0,1,2,208.53
3,1,0,1,2,0,1,2,217.38
0,2,0,1,2,0,1,2,302.22
1,2,0,1,2,0,1,2,300.52
2,2,0,1,2,0,1,2,311.38
3,2,0,1,2,0,1,2,281.37
0,0,1,1,2,0,1,2,372.45
1,0,1,1,2,0,1,2,363.72
2,0,1,1,2,0,1,2,382.57
3,0,1,1,2,0,1,2,332.61
0,1,1,1,2,0,1,2,186.39
1,1,1,1,2,0,1,2,184.73
2,1,1,1,2,0,1,2,207.74
3,1,1,1,2,0,1,2,210.58
0,2,1,1,2,0,1,2,305.69
1,2,1,1,2,0,1,2,300.79
2,2,1,1,2,0,1,2,312.97
3,2,1,1,2,0,1,2,282.34
0,0,2,1,2,0,1,2,371.05
1,0,2,1,2,0,1,2,363.17
2,0,2,1,2,0,1,2,381.17
3,0,2,1,2,0,1,2,331.22
0,1,2,1,2,0,1,2,156.07
1,1,2,1,2,0,1,2,195.97
2,1,2,1,2,0,1,2,214.45
3,1,2,1,2,0,1,2,223.66
0,2,2,1,2,0,1,2,295.21
1,2,2,1,2,0,1,2,303.41
2,2,2,1,2,0,1,2,314.11
3,2,2,1,2,0,1,2,283.67
0,0,0,0,0,1,1,2,605.75
1,0,0,0,0,1,1,2,563.03
2,0,0,0,0,1,1,2,654.2
3,0,0,0,0,1,1,2,675.68
0,1,0,0,0,1,1,2,178.85
1,1,0,0,0,1,1,2,194.77
2,1,0,0,0,1,1,2,195.19
3,1,0,0,0,1,1,2,211.01
0,2,0,0,0,1,1,2,669.47
1,2,0,0,0,1,1,2,507.51
2,2,0,0,0,1,1,2,663.99
3,2,0,0,0,1,1,2,615.41
0,0,1,0,0,1,1,2,572.18
1,0,1,0,0,1,1,2,558.72
2,0,1,0,0,1,1,2,633.01
3,0,1,0,0,1,1,2,655.83
0,1,1,0,0,1,1,2,243.51
1,1,1,0,0,1,1,2,276.08
2,1,1,0,0,1,1,2,253.36
3,1,1,0,0,1,1,2,246.17
0,2,1,0,0,1,1,2,694.2
1,2,1,0,0,1,1,2,506.99
2,2,1,0,0,1,1,2,662.36
3,2,1,0,0,1,1,2,600.91
0,0,2,0,0,1,1,2,640.66
1,0,2,0,0,1,1,2,579.71
2,0,2,0,0,1,1,2,678.87
3,0,2,0,0,1,1,2,699.5
0,1,2,0,0,1,1,2,194.35
1,1,2,0,0,1,1,2,213.33
2,1,2,0,0,1,1,2,244.83
3,1,2,0,0,1,1,2,229.95
0,2,2,0,0,1,1,2,683.78
1,2,2,0,0,1,1,2,523.21
2,2,2,0,0,1,1,2,681.49
3,2,2,0,0,1,1,2,641.26
0,0,0,1,0,1,1,2,281.58
1,0,0,1,0,1,1,2,286.64
2,0,0,1,0,1,1,2,309.87
3,0,0,1,0,1,1,2,278.47
0,1,0,1,0,1,1,2,148.29
1,1,0,1,0,1,1,2,177.49
2,1,0,1,0,1,1,2,212.85
3,1,0,1,0,1,1,2,168.19
0,2,0,1,0,1,1,2,260.43
1,2,0,1,0,1,1,2,263.74
2,2,0,1,0,1,1,2,281.07
3,2,0,1,0,1,1,2,253.61
0,0,1,1,0,1,1,2,300.79
1,0,1,1,0,1,1,2,293.38
2,0,1,1,0,1,1,2,320.26
3,0,1,1,0,1,1,2,288.69
0,1,1,1,0,1,1,2,159.34
1,1,1,1,0,1,1,2,185.99
2,1,1,1,0,1,1,2,225.19
3,1,1,1,0,1,1,2,177.55
0,2,1,1,0,1,1,2,271.53
1,2,1,1,0,1,1,2,268.91
2,2,1,1,0,1,1,2,288.73
3,2,1,1,0,1,1,2,259.54
0,0,2,1,0,1,1,2,286.58
1,0,2,1,0,1,1,2,288.4
2,0,2,1,0,1,1,2,313.39
3,0,2,1,0,1,1,2,280.99
0,1,2,1,0,1,1,2,132.91
1,1,2,1,0,1,1,2,162.85
2,1,2,1,0,1,1,2,198.08
3,1,2,1,0,1,1,2,155.73
0,2,2,1,0,1,1,2,254.26
1,2,2,1,0,1,1,2,257.52
2,2,2,1,0,1,1,2,277.67
3,2,2,1,0,1,1,2,248.53
0,0,0,0,1,1,1,2,882.57
1,0,0,0,1,1,1,2,857.16
2,0,0,0,1,1,1,2,857.66
3,0,0,0,1,1,1,2,820.32
0,1,0,0,1,1,1,2,265.65
1,1,0,0,1,1,1,2,322.15
2,1,0,0,1,1,1,2,337.07
3,1,0,0,1,1,1,2,335.28
0,2,0,0,1,1,1,2,837.25
1,2,0,0,1,1,1,2,801.17
2,2,0,0,1,1,1,2,839.73
3,2,0,0,1,1,1,2,809.96
0,0,1,0,1,1,1,2,878.69
1,0,1,0,1,1,1,2,858.7
2,0,1,0,1,1,1,2,856.46
3,0,1,0,1,1,1,2,818.7
0,1,1,0,1,1,1,2,258.56
1,1,1,0,1,1,1,2,357.34
2,1,1,0,1,1,1,2,387.72
3,1,1,0,1,1,1,2,346.06
0,2,1,0,1,1,1,2,833.45
1,2,1,0,1,1,1,2,805.94
2,2,1,0,1,1,1,2,841
3,2,1,0,1,1,1,2,816.33
0,0,2,0,1,1,1,2,887.26
1,0,2,0,1,1,1,2,858.14
2,0,2,0,1,1,1,2,862.34
3,0,2,0,1,1,1,2,822.33
0,1,2,0,1,1,1,2,252.46
1,1,2,0,1,1,1,2,258.49
2,1,2,0,1,1,1,2,274.87
3,1,2,0,1,1,1,2,284.71
0,2,2,0,1,1,1,2,844.88
1,2,2,0,1,1,1,2,803.6
2,2,2,0,1,1,1,2,843.65
3,2,2,0,1,1,1,2,808.62
0,0,0,1,1,1,1,2,309.87
1,0,0,1,1,1,1,2,317.58
2,0,0,1,1,1,1,2,332.47
3,0,0,1,1,1,1,2,306.66
0,1,0,1,1,1,1,2,251.25
1,1,0,1,1,1,1,2,268.03
2,1,0,1,1,1,1,2,278.64
3,1,0,1,1,1,1,2,278.16
0,2,0,1,1,1,1,2,305.35
1,2,0,1,1,1,1,2,303.92
2,2,0,1,1,1,1,2,316.41
3,2,0,1,1,1,1,2,292.01
0,0,1,1,1,1,1,2,322.67
1,0,1,1,1,1,1,2,325.14
2,0,1,1,1,1,1,2,341.89
3,0,1,1,1,1,1,2,327.46
0,1,1,1,1,1,1,2,255.33
1,1,1,1,1,1,1,2,267.22
2,1,1,1,1,1,1,2,278
3,1,1,1,1,1,1,2,276.18
0,2,1,1,1,1,1,2,317.63
1,2,1,1,1,1,1,2,310.29
2,2,1,1,1,1,1,2,324.3
3,2,1,1,1,1,1,2,303.91
0,0,2,1,1,1,1,2,313.73
1,0,2,1,1,1,1,2,320.95
2,0,2,1,1,1,1,2,336.66
3,0,2,1,1,1,1,2,313.22
0,1,2,1,1,1,1,2,238.01
1,1,2,1,1,1,1,2,266.18
2,1,2,1,1,1,1,2,275.36
3,1,2,1,1,1,1,2,275.5
0,2,2,1,1,1,1,2,304.57
1,2,2,1,1,1,1,2,305.87
2,2,2,1,1,1,1,2,318
3,2,2,1,1,1,1,2,296.55
0,0,0,0,2,1,1,2,597.1
1,0,0,0,2,1,1,2,586.44
2,0,0,0,2,1,1,2,622.4
3,0,0,0,2,1,1,2,697.65
0,1,0,0,2,1,1,2,241.33
1,1,0,0,2,1,1,2,307.66
2,1,0,0,2,1,1,2,306.56
3,1,0,0,2,1,1,2,340.77
0,2,0,0,2,1,1,2,621.36
1,2,0,0,2,1,1,2,541.38
2,2,0,0,2,1,1,2,676.77
3,2,0,0,2,1,1,2,680.91
0,0,1,0,2,1,1,2,528.93
1,0,1,0,2,1,1,2,551.29
2,0,1,0,2,1,1,2,556.05
3,0,1,0,2,1,1,2,640.04
0,1,1,0,2,1,1,2,264.02
1,1,1,0,2,1,1,2,372.4
2,1,1,0,2,1,1,2,309.33
3,1,1,0,2,1,1,2,316.29
0,2,1,0,2,1,1,2,585.49
1,2,1,0,2,1,1,2,518.19
2,2,1,0,2,1,1,2,651.68
3,2,1,0,2,1,1,2,641.61
0,0,2,0,2,1,1,2,674.29
1,0,2,0,2,1,1,2,646.36
2,0,2,0,2,1,1,2,687.86
3,0,2,0,2,1,1,2,757.38
0,1,2,0,2,1,1,2,216.12
1,1,2,0,2,1,1,2,221.36
2,1,2,0,2,1,1,2,248.82
3,1,2,0,2,1,1,2,279.82
0,2,2,0,2,1,1,2,660.05
1,2,2,0,2,1,1,2,567.57
2,2,2,0,2,1,1,2,701.89
3,2,2,0,2,1,1,2,706.27
0,0,0,1,2,1,1,2,302.14
1,0,0,1,2,1,1,2,298.63
2,0,0,1,2,1,1,2,313.37
3,0,0,1,2,1,1,2,284.48
0,1,0,1,2,1,1,2,232.74
1,1,0,1,2,1,1,2,239.79
2,1,0,1,2,1,1,2,255.44
3,1,0,1,2,1,1,2,255.71
0,2,0,1,2,1,1,2,311.55
1,2,0,1,2,1,1,2,304.52
2,2,0,1,2,1,1,2,311.25
3,2,0,1,2,1,1,2,293.91
0,0,1,1,2,1,1,2,316.24
1,0,1,1,2,1,1,2,311.43
2,0,1,1,2,1,1,2,329.19
3,0,1,1,2,1,1,2,318.83
0,1,1,1,2,1,1,2,240.66
1,1,1,1,2,1,1,2,233.16
2,1,1,1,2,1,1,2,255.65
3,1,1,1,2,1,1,2,252.06
0,2,1,1,2,1,1,2,321.96
1,2,1,1,2,1,1,2,309.98
2,2,1,1,2,1,1,2,318.12
3,2,1,1,2,1,1,2,304.93
0,0,2,1,2,1,1,2,306.71
1,0,2,1,2,1,1,2,304.01
2,0,2,1,2,1,1,2,321.81
3,0,2,1,2,1,1,2,299.7
0,1,2,1,2,1,1,2,212.09
1,1,2,1,2,1,1,2,237.56
2,1,2,1,2,1,1,2,256.19
3,1,2,1,2,1,1,2,248.23
0,2,2,1,2,1,1,2,310.97
1,2,2,1,2,1,1,2,308.64
2,2,2,1,2,1,1,2,314.54
3,2,2,1,2,1,1,2,299.84
0,0,0,0,0,2,1,2,446.37
1,0,0,0,0,2,1,2,320.92
2,0,0,0,0,2,1,2,405.6
3,0,0,0,0,2,1,2,492.36
0,1,0,0,0,2,1,2,167.94
1,1,0,0,0,2,1,2,183.58
2,1,0,0,0,2,1,2,178.83
3,1,0,0,0,2,1,2,190.15
0,2,0,0,0,2,1,2,432.56
1,2,0,0,0,2,1,2,327.72
2,2,0,0,0,2,1,2,477.98
3,2,0,0,0,2,1,2,422.8
0,0,1,0,0,2,1,2,407.01
1,0,1,0,0,2,1,2,362.2
2,0,1,0,0,2,1,2,390.32
3,0,1,0,0,2,1,2,463.64
0,1,1,0,0,2,1,2,235.84
1,1,1,0,0,2,1,2,273.72
2,1,1,0,0,2,1,2,243.21
3,1,1,0,0,2,1,2,226.18
0,2,1,0,0,2,1,2,413.33
1,2,1,0,0,2,1,2,351.72
2,2,1,0,0,2,1,2,465.43
3,2,1,0,0,2,1,2,395.77
0,0,2,0,0,2,1,2,478.69
1,0,2,0,0,2,1,2,305.01
2,0,2,0,0,2,1,2,440.37
3,0,2,0,0,2,1,2,526.66
0,1,2,0,0,2,1,2,166.86
1,1,2,0,0,2,1,2,195.6
2,1,2,0,0,2,1,2,230.45
3,1,2,0,0,2,1,2,204.77
0,2,2,0,0,2,1,2,457.3
1,2,2,0,0,2,1,2,330.09
2,2,2,0,0,2,1,2,499.89
3,2,2,0,0,2,1,2,465.4
0,0,0,1,0,2,1,2,233.89
1,0,0,1,0,2,1,2,207.76
2,0,0,1,0,2,1,2,224.63
3,0,0,1,0,2,1,2,215.78
0,1,0,1,0,2,1,2,106.68
1,1,0,1,0,2,1,2,150.54
2,1,0,1,0,2,1,2,204.62
3,1,0,1,0,2,1,2,111.36
0,2,0,1,0,2,1,2,207.29
1,2,0,1,0,2,1,2,206.83
2,2,0,1,0,2,1,2,222.42
3,2,0,1,0,2,1,2,208.16
0,0,1,1,0,2,1,2,273.84
1,0,1,1,0,2,1,2,221.66
2,0,1,1,0,2,1,2,240.32
3,0,1,1,0,2,1,2,233.02
0,1,1,1,0,2,1,2,113.07
1,1,1,1,0,2,1,2,159.71
2,1,1,1,0,2,1,2,220.99
3,1,1,1,0,2,1,2,132.24
0,2,1,1,0,2,1,2,225.05
1,2,1,1,0,2,1,2,217.89
2,2,1,1,0,2,1,2,232.96
3,2,1,1,0,2,1,2,219.57
0,0,2,1,0,2,1,2,250.58
1,0,2,1,0,2,1,2,212.44
2,0,2,1,0,2,1,2,230.75
3,0,2,1,0,2,1,2,224.03
0,1,2,1,0,2,1,2,94.001
1,1,2,1,0,2,1,2,129.46
2,1,2,1,0,2,1,2,185.86
3,1,2,1,0,2,1,2,88.107
0,2,2,1,0,2,1,2,204.82
1,2,2,1,0,2,1,2,197.34
2,2,2,1,0,2,1,2,218.43
3,2,2,1,0,2,1,2,200.56
0,0,0,0,1,2,1,2,657.77
1,0,0,0,1,2,1,2,597.06
2,0,0,0,1,2,1,2,654.67
3,0,0,0,1,2,1,2,624.57
0,1,0,0,1,2,1,2,253.47
1,1,0,0,1,2,1,2,319.21
2,1,0,0,1,2,1,2,339.52
3,1,0,0,1,2,1,2,346.01
0,2,0,0,1,2,1,2,691.02
1,2,0,0,1,2,1,2,665.25
2,2,0,0,1,2,1,2,735.55
3,2,0,0,1,2,1,2,698.91
0,0,1,0,1,2,1,2,644.32
1,0,1,0,1,2,1,2,588.49
2,0,1,0,1,2,1,2,660.17
3,0,1,0,1,2,1,2,630.27
0,1,1,0,1,2,1,2,241.95
1,1,1,0,1,2,1,2,352
2,1,1,0,1,2,1,2,387.03
3,1,1,0,1,2,1,2,339.62
0,2,1,0,1,2,1,2,680.03
1,2,1,0,1,2,1,2,671.06
2,2,1,0,1,2,1,2,732.44
3,2,1,0,1,2,1,2,708.87
0,0,2,0,1,2,1,2,662.75
1,0,2,0,1,2,1,2,619.99
2,0,2,0,1,2,1,2,654.75
3,0,2,0,1,2,1,2,615.88
0,1,2,0,1,2,1,2,226.14
1,1,2,0,1,2,1,2,245.36
2,1,2,0,1,2,1,2,259.33
3,1,2,0,1,2,1,2,277.26
0,2,2,0,1,2,1,2,703.77
1,2,2,0,1,2,1,2,665.86
2,2,2,0,1,2,1,2,743.09
3,2,2,0,1,2,1,2,694.58
0,0,0,1,1,2,1,2,283.45
1,0,0,1,1,2,1,2,282.2
2,0,0,1,1,2,1,2,288.45
3,0,0,1,1,2,1,2,292.94
0,1,0,1,1,2,1,2,165.31
1,1,0,1,1,2,1,2,176.36
2,1,0,1,1,2,1,2,212.97
3,1,0,1,1,2,1,2,204.96
0,2,0,1,1,2,1,2,252.8
1,2,0,1,1,2,1,2,254.26
2,2,0,1,1,2,1,2,262.83
3,2,0,1,1,2,1,2,264.65
0,0,1,1,1,2,1,2,302.92
1,0,1,1,1,2,1,2,294.15
2,0,1,1,1,2,1,2,304.12
3,0,1,1,1,2,1,2,323.91
0,1,1,1,1,2,1,2,177.84
1,1,1,1,1,2,1,2,180.08
2,1,1,1,1,2,1,2,219.04
3,1,1,1,1,2,1,2,210.29
0,2,1,1,1,2,1,2,269.69
1,2,1,1,1,2,1,2,263.98
2,2,1,1,1,2,1,2,274.45
3,2,1,1,1,2,1,2,280.86
0,0,2,1,1,2,1,2,289.55
1,0,2,1,1,2,1,2,286.67
2,0,2,1,1,2,1,2,294.98
3,0,2,1,1,2,1,2,302.25
0,1,2,1,1,2,1,2,128.39
1,1,2,1,1,2,1,2,160.79
2,1,2,1,1,2,1,2,206.08
3,1,2,1,1,2,1,2,176.11
0,2,2,1,1,2,1,2,242.84
1,2,2,1,1,2,1,2,250.88
2,2,2,1,1,2,1,2,265.07
3,2,2,1,1,2,1,2,260.95
0,0,0,0,2,2,1,2,520.58
1,0,0,0,2,2,1,2,486.05
2,0,0,0,2,2,1,2,615.27
3,0,0,0,2,2,1,2,506.12
0,1,0,0,2,2,1,2,242.98
1,1,0,0,2,2,1,2,311.51
2,1,0,0,2,2,1,2,306.76
3,1,0,0,2,2,1,2,350.5
0,2,0,0,2,2,1,2,386.12
1,2,0,0,2,2,1,2,435.87
2,2,0,0,2,2,1,2,640.14
3,2,0,0,2,2,1,2,528.14
0,0,1,0,2,2,1,2,496.02
1,0,1,0,2,2,1,2,378.78
2,0,1,0,2,2,1,2,620.19
3,0,1,0,2,2,1,2,526.56
0,1,1,0,2,2,1,2,259.49
1,1,1,0,2,2,1,2,378.33
2,1,1,0,2,2,1,2,289.14
3,1,1,0,2,2,1,2,312.5
0,2,1,0,2,2,1,2,311.97
1,2,1,0,2,2,1,2,393.18
2,2,1,0,2,2,1,2,622.34
3,2,1,0,2,2,1,2,534.21
0,0,2,0,2,2,1,2,544.19
1,0,2,0,2,2,1,2,562.87
2,0,2,0,2,2,1,2,605.08
3,0,2,0,2,2,1,2,482.72
0,1,2,0,2,2,1,2,202.7
1,1,2,0,2,2,1,2,204.01
2,1,2,0,2,2,1,2,231.99
3,1,2,0,2,2,1,2,271.47
0,2,2,0,2,2,1,2,454.85
1,2,2,0,2,2,1,2,468.16
2,2,2,0,2,2,1,2,646.11
3,2,2,0,2,2,1,2,535.4
0,0,0,1,2,2,1,2,178.83
1,0,0,1,2,2,1,2,184.91
2,0,0,1,2,2,1,2,203.97
3,0,0,1,2,2,1,2,198.09
0,1,0,1,2,2,1,2,148.33
1,1,0,1,2,2,1,2,146.11
2,1,0,1,2,2,1,2,196.47
3,1,0,1,2,2,1,2,179.55
0,2,0,1,2,2,1,2,183.55
1,2,0,1,2,2,1,2,187.97
2,2,0,1,2,2,1,2,203.68
3,2,0,1,2,2,1,2,200.47
0,0,1,1,2,2,1,2,214.51
1,0,1,1,2,2,1,2,216.9
2,0,1,1,2,2,1,2,242.93
3,0,1,1,2,2,1,2,286.32
0,1,1,1,2,2,1,2,165.01
1,1,1,1,2,2,1,2,138.85
2,1,1,1,2,2,1,2,199.49
3,1,1,1,2,2,1,2,179.96
0,2,1,1,2,2,1,2,209.76
1,2,1,1,2,2,1,2,205.76
2,2,1,1,2,2,1,2,226.54
3,2,1,1,2,2,1,2,239.61
0,0,2,1,2,2,1,2,194.88
1,0,2,1,2,2,1,2,199.35
2,0,2,1,2,2,1,2,223.23
3,0,2,1,2,2,1,2,242.31
0,1,2,1,2,2,1,2,104.05
1,1,2,1,2,2,1,2,133.88
2,1,2,1,2,2,1,2,194.81
3,1,2,1,2,2,1,2,151.32
0,2,2,1,2,2,1,2,179
1,2,2,1,2,2,1,2,191.55
2,2,2,1,2,2,1,2,213.84
3,2,2,1,2,2,1,2,210.6
